"vx","vy","rsquared","fctr","grid","X","Y","qsum","sf","vx.u","vy.u"
-1.00913952202173e-17,1.01356133241787e-17,0.506727618147398,"Epithelial","grid_1",434.339412752,371.392597828,1.43026890810047e-17,645196148135225600,-6.51092932539441,6.53945867574814
0.0675387974647532,0.0843249265396268,0.416975451798538,"T","grid_2",217.132119456,64.127044212,0.108037874835163,85.4148595306924,5.76881689832378,7.20260175531818
0.0675387974647532,0.0843249265396268,0.416975451798538,"B/Plasma","grid_2",217.132119456,64.127044212,0.108037874835163,85.4148595306924,5.76881689832378,7.20260175531818
-0.059298845544619,-0.108050943267126,0.533182917225091,"Endothelial","grid_2",217.132119456,64.127044212,0.123253232914355,74.8705708145789,-4.43973841457117,-8.0898357994634
-0.0675387974647532,-0.0843249265396268,0.416975451798538,"Tumor","grid_2",217.132119456,64.127044212,0.108037874835163,85.4148595306924,-5.76881689832378,-7.20260175531818
-0.0587403273144468,0.0628369322375082,0.399970840514725,"T","grid_4",402.473221976,130.10712358,0.0860168943058836,107.281714569051,-6.3017630286411,6.74125382869913
-0.0587403273144468,0.0628369322375082,0.399970840514725,"B/Plasma","grid_4",402.473221976,130.10712358,0.0860168943058836,107.281714569051,-6.3017630286411,6.74125382869913
0.0619593796284663,-0.0667724088006592,0.311495008802206,"Fibroblast","grid_4",402.473221976,130.10712358,0.0910907201694374,101.30603738641,6.27685922908015,-6.7644481423402
0.0587403273144468,-0.0628369322375082,0.399970840514725,"Tumor","grid_4",402.473221976,130.10712358,0.0860168943058836,107.281714569051,6.3017630286411,-6.74125382869913
0.044885572698241,-0.056867189473553,0.37723549433664,"Epithelial","grid_4",402.473221976,130.10712358,0.0724471660941273,127.376133540551,5.71735070205524,-7.24352272045909
0.0554437555216325,0.0688233882935154,0.321429938606125,"Fibroblast","grid_5",76.515693044,326.393537204,0.0883779882241192,104.415591353341,5.78919251964132,7.18623478760801
0.074856414856858,0.0891157035817934,0.553196246047286,"B/Plasma","grid_6",103.089645484,354.591244588,0.116383381417194,79.2900136657885,5.9353661569722,7.06598535483676
-0.057357242296792,-0.0660008147075076,0.46240100423312,"Fibroblast","grid_6",103.089645484,354.591244588,0.0874411847240627,105.534250618411,-6.05315358333057,-6.96534652036141
-0.111754126414026,-0.042252665513924,0.58016832255387,"Fibroblast","grid_8",60.311971832,453.140390136,0.119474986978839,77.2382582864349,-8.63169408054146,-3.26352229225481
0.0503035906854953,-0.0401524487709252,0.342528774217753,"Myeloid","grid_10",487.788012992,338.891188104,0.064363579594019,143.373627775941,7.21220828673547,-5.75680224437515
-0.0503035906854952,0.0401524487709252,0.342528774217753,"Fibroblast","grid_10",487.788012992,338.891188104,0.064363579594019,143.373627775941,-7.21220828673547,5.75680224437516
2.53901895592515e-18,1.05813696772359e-17,0.506979604750411,"Tumor","grid_10",487.788012992,338.891188104,1.08817278731309e-17,848030754915843328,2.15316616193884,8.97332691542998
2.53901895592515e-18,1.05813696772359e-17,0.506979604750411,"Epithelial","grid_10",487.788012992,338.891188104,1.08817278731309e-17,848030754915843328,2.15316616193884,8.97332691542998
-1.32883559189635e-17,-3.47238268650816e-18,0.506722532965409,"Epithelial","grid_12",153.93723086,314.888180992,1.37345493027844e-17,671885163437378048,-8.92824918842686,-2.33304240884166
-1.34250665373758e-17,3.40659371206128e-18,0.506729984210471,"Tumor","grid_15",123.976696928,287.344486016,1.38505340060239e-17,666258780999096320,-8.94456846602379,2.26967297395714
-1.34250665373758e-17,3.40659371206128e-18,0.506729984210471,"Epithelial","grid_15",123.976696928,287.344486016,1.38505340060239e-17,666258780999096320,-8.94456846602379,2.26967297395714
0.0830901066096018,0.0246593687876515,0.377776936891692,"B/Plasma","grid_16",58.500282288,432.86976418,0.0866720848105109,106.470727261437,8.8466640789546,2.62550092862923
-0.117033110564963,-0.00357506861386633,0.52285047247773,"Fibroblast","grid_16",58.500282288,432.86976418,0.117087702531498,78.8130581053764,-9.22373734320935,-0.281762090395354
0.0351069342647159,-0.120828227670934,0.561473198160963,"Endothelial","grid_20",128.870513912,60.556286812,0.125825106539062,73.3402113208243,2.57474997780055,-8.86156775090698
-1.04073405031367e-17,-3.94223734674394e-17,0.501358051961237,"Tumor","grid_20",128.870513912,60.556286812,4.0772984513701e-17,226327309935800640,-2.35546537966082,-8.92235973817005
-1.04073405031367e-17,-3.94223734674394e-17,0.501358051961237,"Epithelial","grid_20",128.870513912,60.556286812,4.0772984513701e-17,226327309935800640,-2.35546537966082,-8.92235973817005
0.0901351872369991,-0.0675027642971025,0.426162468285976,"Myeloid","grid_22",482.431876892,145.412517404,0.112609836009112,81.9470148441857,7.38630952649382,-5.53165002787823
-0.090135187236999,0.0675027642971025,0.426162468285976,"Fibroblast","grid_22",482.431876892,145.412517404,0.112609836009112,81.9470148441858,-7.38630952649382,5.53165002787823
5.23684269999466e-17,-4.96813000396838e-18,0.505119122716399,"Tumor","grid_22",482.431876892,145.412517404,5.26035594060428e-17,175426150002692512,9.18679153029769,-0.871539919309035
5.23684269999466e-17,-4.96813000396838e-18,0.505119122716399,"Epithelial","grid_22",482.431876892,145.412517404,5.26035594060428e-17,175426150002692512,9.18679153029769,-0.871539919309035
0.059621227930998,-0.0864975372454681,0.349774490612278,"Myeloid","grid_23",323.168579468,477.553094676,0.105054817926315,87.8402350810082,5.23714267727724,-7.59796400557017
-0.0476143959940305,0.0805261391999217,0.314562500358161,"Fibroblast","grid_23",323.168579468,477.553094676,0.0935499321235537,98.6429353134356,-4.69682378402746,7.94333474013859
0.136902483676037,-0.021603623507726,0.619434310023982,"Myeloid","grid_24",480.026314012,189.847774228,0.138596560510466,66.58202677651,9.11524483388861,-1.43841303886105
-0.136902483676037,0.021603623507726,0.619434310023983,"Fibroblast","grid_24",480.026314012,189.847774228,0.138596560510465,66.58202677651,-9.11524483388861,1.43841303886105
8.19219228311502e-18,-1.07890100982415e-17,0.506874016223817,"Tumor","grid_24",480.026314012,189.847774228,1.35467617275675e-17,681198952828782592,5.58051280462999,-7.3494623809813
8.19219228311502e-18,-1.07890100982415e-17,0.506874016223817,"Epithelial","grid_24",480.026314012,189.847774228,1.35467617275675e-17,681198952828782592,5.58051280462999,-7.3494623809813
0.0121536336032613,-0.0872085822500803,0.315372973113281,"Myeloid","grid_25",85.825973128,461.067471564,0.088051391969868,104.802884958343,1.27373586434844,-9.13971101293532
0.0424114428185444,0.0936610063370713,0.391215918598221,"B/Plasma","grid_26",126.036460144,343.555724876,0.10281592576067,89.7530206022812,3.80655510106528,8.40635823140154
0.1078734139521,-0.00678698454068698,0.414511446450765,"Myeloid","grid_31",501.39071934,203.64593256,0.108086708696475,85.3762688708919,9.20982959359549,-0.579447416968278
-0.111843311444311,0.0175290452895874,0.487995688214175,"Fibroblast","grid_31",501.39071934,203.64593256,0.113208629280605,81.5135733175153,-9.1167479674895,1.42885511839883
0.050085167247628,-0.0854679196200835,0.346551848004944,"T","grid_35",285.765835376,208.145086884,0.0990620475379342,93.1541405855383,4.66564071103574,-7.96169059984275
0.050085167247628,-0.0854679196200835,0.346551848004944,"B/Plasma","grid_35",285.765835376,208.145086884,0.0990620475379342,93.1541405855383,4.66564071103574,-7.96169059984275
-0.050085167247628,0.0854679196200836,0.346551848004945,"Endothelial","grid_35",285.765835376,208.145086884,0.0990620475379342,93.1541405855383,-4.66564071103574,7.96169059984275
-0.050085167247628,0.0854679196200836,0.346551848004945,"Tumor","grid_35",285.765835376,208.145086884,0.0990620475379342,93.1541405855383,-4.66564071103574,7.96169059984275
0.137974387982686,-0.0396038933634849,0.658657720700612,"Myeloid","grid_37",449.874086788,109.347867664,0.143545811881583,64.2863750748268,8.8698732565746,-2.54599074318844
-0.137974387982686,0.0396038933634849,0.658657720700612,"Fibroblast","grid_37",449.874086788,109.347867664,0.143545811881583,64.2863750748268,-8.8698732565746,2.54599074318844
1.91426303479072e-17,-3.50031548456915e-17,0.499255428604011,"Tumor","grid_37",449.874086788,109.347867664,3.98956281538225e-17,231304539621738912,4.4277772997718,-8.09638861689112
1.91426303479072e-17,-3.50031548456915e-17,0.499255428604011,"Epithelial","grid_37",449.874086788,109.347867664,3.98956281538225e-17,231304539621738912,4.4277772997718,-8.09638861689112
-1.06575013878105e-17,3.2326131676368e-18,0.506981371367504,"Epithelial","grid_39",108.1563623,300.35707772,1.11369710299866e-17,828595125029349120,-8.83075369493329,2.67852751180954
0.00157164422813196,-0.109704792954964,0.465140052764375,"Myeloid","grid_42",402.59350012,318.346177632,0.109716050160728,84.1083860521907,0.13218845947642,-9.22709307763175
-0.0258092777636581,0.0793745427341135,0.399842757678899,"Endothelial","grid_42",402.59350012,318.346177632,0.0834651834774912,110.561548163716,-2.8535137065374,8.77577232947059
0.0149034894264031,0.0954655855611826,0.460676451599482,"Epithelial","grid_42",402.59350012,318.346177632,0.096621902401176,95.5067088694342,1.42338322578617,9.11760388724193
0.044088638218048,-0.0898166778815243,0.357471604920405,"Endothelial","grid_45",314.6025204,344.190943824,0.10005420353786,92.2304068868851,4.06631304193924,-8.28382874624128
-0.0645074338006431,-0.0258961391275989,0.354013224716833,"T","grid_46",451.114455148,298.244692816,0.0695112871213037,132.755992374824,-8.56374838975765,-3.43786764856091
-0.0429403875023016,-0.0357467584092895,0.305994203353489,"Myeloid","grid_46",451.114455148,298.244692816,0.0558722436959528,165.163224037635,-7.09217284130552,-5.90404986777271
-0.0645074338006431,-0.0258961391275989,0.354013224716833,"B/Plasma","grid_46",451.114455148,298.244692816,0.0695112871213037,132.755992374824,-8.56374838975765,-3.43786764856091
0.0645074338006431,0.025896139127599,0.354013224716833,"Fibroblast","grid_46",451.114455148,298.244692816,0.0695112871213037,132.755992374824,8.56374838975765,3.43786764856091
0.0645074338006431,0.025896139127599,0.354013224716833,"Tumor","grid_46",451.114455148,298.244692816,0.0695112871213037,132.755992374824,8.56374838975765,3.43786764856091
0.0429403875023016,0.0357467584092895,0.305994203353489,"Epithelial","grid_46",451.114455148,298.244692816,0.0558722436959527,165.163224037635,7.09217284130552,5.90404986777271
-0.0719020273795043,-0.0245611360721672,0.345730580937795,"Fibroblast","grid_49",77.338846592,417.248640228,0.0759812539146236,121.451534787898,-8.73261157960225,-2.98298767209911
0.0208045951848612,0.108054759129099,0.345492154425969,"Tumor","grid_50",249.637287872,339.398611524,0.110039366370647,83.861259905451,1.74469956402534,9.06160823934628
-0.0125806495061699,-0.114299960193669,0.527306246652484,"T","grid_51",427.866945128,396.86149482,0.114990232812494,80.2506410965139,-1.00960518828068,-9.17264508284798
-0.0125806495061699,-0.114299960193669,0.527306246652484,"B/Plasma","grid_51",427.866945128,396.86149482,0.114990232812494,80.2506410965139,-1.00960518828068,-9.17264508284798
0.0126652764700038,0.114679740798534,0.529182351223636,"Tumor","grid_51",427.866945128,396.86149482,0.115377000210963,79.9816244673274,1.01298938639873,9.17227196255879
1.0411510504071e-17,3.93517130109308e-17,0.501345950649907,"Fibroblast","grid_52",263.232476836,542.056008088,4.0705735073464e-17,226701222478494080,2.36030215912058,8.92108144620086
1.0411510504071e-17,3.93517130109308e-17,0.501345950649907,"Tumor","grid_52",263.232476836,542.056008088,4.0705735073464e-17,226701222478494080,2.36030215912058,8.92108144620086
1.0411510504071e-17,3.93517130109308e-17,0.501345950649907,"Epithelial","grid_52",263.232476836,542.056008088,4.0705735073464e-17,226701222478494080,2.36030215912058,8.92108144620086
0.0772196799323085,-0.0110413348178132,0.394703532488307,"Myeloid","grid_53",459.413647084,176.049615896,0.0780050642164162,118.300523122933,9.13512853137753,-1.30619568492275
1.93521574264664e-17,5.02865446340532e-18,0.495041653178145,"Epithelial","grid_53",459.413647084,176.049615896,1.99948334019333e-17,461521219884120960,8.93143130285233,2.32083074232655
-0.058069381421856,0.0550406497555144,0.338115764913066,"Fibroblast","grid_54",146.622816228,142.969367604,0.0800095380828199,115.33674764486,-6.69753359094572,6.34820953106089
1.33049099542571e-17,3.50687986379783e-18,0.50672407687778,"Epithelial","grid_57",233.392221048,255.681264608,1.37593181251834e-17,670675670050110592,8.92327939852776,2.35197900243785
-0.0194196376472754,-0.0760317253585272,0.398399691907895,"B/Plasma","grid_61",57.214809624,257.049428496,0.0784725785694977,117.595726701747,-2.28366640141595,-8.94100599592364
-0.117294618564427,0.0143597787814933,0.534654091308766,"T","grid_62",409.336593568,211.828605044,0.118170346495337,78.0909947099476,-9.15965343782001,1.12136940886161
-0.117294618564427,0.0143597787814933,0.534654091308766,"B/Plasma","grid_62",409.336593568,211.828605044,0.118170346495337,78.0909947099476,-9.15965343782001,1.12136940886161
0.0832296036509927,-0.0106214855260517,0.388143964241924,"Fibroblast","grid_62",409.336593568,211.828605044,0.0839046058251957,109.982518984302,9.15380146360127,-1.16817773351048
0.117294618564427,-0.0143597787814933,0.534654091308766,"Tumor","grid_62",409.336593568,211.828605044,0.118170346495337,78.0909947099476,9.15965343782001,-1.12136940886161
0.126204962576837,-0.014408295914739,0.497216257229247,"Myeloid","grid_63",480.112763928,276.77128542,0.127024767546284,72.6475637885153,9.16848306922795,-1.04672759654981
-0.127676067998747,0.00412195779399338,0.576630895985521,"Fibroblast","grid_63",480.112763928,276.77128542,0.127742588339504,72.2393371153122,-9.22323451771899,0.297767498655376
0.0146350748631364,0.103098945576244,0.419933254211957,"Myeloid","grid_65",108.145086224,80.747980236,0.104132502107569,88.6182480615651,1.296934694621,9.13644793396137
-8.03429140277557e-18,-7.84354168590523e-18,0.506980599387347,"Tumor","grid_65",108.145086224,80.747980236,1.12281336170909e-17,821867660088543232,-6.60312427566866,-6.44635325220188
0.0217440443290908,-0.0815822367430595,0.417564767810211,"T","grid_67",163.608345376,343.683520404,0.0844302363835733,109.297809627303,2.37657641760861,-8.91675978051249
-0.0217440443290908,0.0815822367430595,0.417564767810211,"Tumor","grid_67",163.608345376,343.683520404,0.0844302363835734,109.297809627303,-2.37657641760861,8.91675978051249
-6.69437325726524e-18,1.18327552643377e-17,0.506837996411637,"Epithelial","grid_67",163.608345376,343.683520404,1.35951730571295e-17,678773257557078656,-4.54396154313692,8.03175783665016
0.0798820418905223,0.0133361576195164,0.31536528038922,"B/Plasma","grid_68",207.205413884,222.912987752,0.0809876145879834,113.943841289644,9.10206670306633,1.51957302721185
-0.0208937312509743,0.101228862540402,0.394217894832913,"Fibroblast","grid_70",138.034205008,240.981020196,0.103362617114756,89.2783112563298,-1.86535704193059,9.03754189800626
0.000859506794820723,-0.104956482052694,0.446889733075226,"Endothelial","grid_70",138.034205008,240.981020196,0.104960001318635,87.919586386301,0.0755674818968533,-9.2277304906341
5.0728714295131e-18,5.10766712888501e-18,0.506960470792475,"Tumor","grid_70",138.034205008,240.981020196,7.19876989768827e-18,1281891216720706048,6.50286932904625,6.54747363045076
5.0728714295131e-18,5.10766712888501e-18,0.506960470792475,"Epithelial","grid_70",138.034205008,240.981020196,7.19876989768827e-18,1281891216720706048,6.50286932904625,6.54747363045076
0.00294623493538024,-0.106140711293887,0.444780675115406,"T","grid_71",387.367038828,377.113327052,0.106181593952373,86.9080935739123,0.256051661454755,-9.22448686913071
-0.0030044479371218,0.0906154015300459,0.346770681338634,"Tumor","grid_71",387.367038828,377.113327052,0.0906651956478246,101.781503222967,-0.305797227395399,9.22297178288082
-0.0221290272204751,0.121158202174992,0.555763787850982,"Fibroblast","grid_72",176.504417628,82.289043956,0.123162509717856,74.9257215055123,-1.65803333070922,9.07786571427204
-0.0114482683532041,-0.122674001484376,0.561280007391322,"Endothelial","grid_72",176.504417628,82.289043956,0.12320703506081,74.8986443711224,-0.857459780051812,-9.18811641076081
4.17633938571901e-18,1.34062381363454e-17,0.506725057546075,"Epithelial","grid_72",176.504417628,82.289043956,1.40416890591236e-17,657188737350946048,2.7446432076497,8.81042871345095
-0.00667141989838296,0.0672090753323662,0.337318554091815,"Fibroblast","grid_74",160.612667852,227.98346326,0.0675393785172192,136.631993151777,-0.911529397868492,9.18290992054915
-0.0760691916310733,-0.0880158890146641,0.482545568484324,"Endothelial","grid_74",160.612667852,227.98346326,0.116332792601427,79.3244939512164,-6.03415013141299,-6.98181585575465
0.0514647254704254,-0.0502105444668452,0.336483223966634,"Fibroblast","grid_75",478.684460968,366.310846244,0.0719007423007808,128.344153450274,6.60519662305249,-6.44422982387458
-0.0673823101762841,0.0875872900233336,0.449218745311323,"T","grid_77",432.929903252,232.166887456,0.110507506977239,83.5060002298368,-5.62682720906771,7.31406426081927
0.0194628912641294,0.106229960349302,0.327084960533189,"Myeloid","grid_77",432.929903252,232.166887456,0.107998188004122,85.4462475119289,1.66303102425256,9.07695148518885
-0.0664261736695026,0.0883187569476698,0.448929532190694,"B/Plasma","grid_77",432.929903252,232.166887456,0.110510811132452,83.503503489625,-5.54681822481375,7.37492562897909
0.0723424042020126,-0.0681360459074316,0.377780395855144,"Fibroblast","grid_77",432.929903252,232.166887456,0.0993777852320477,92.8581763166937,6.71758372456401,-6.32698896439462
0.0587024533728176,-0.0941996295994958,0.437138660154378,"Tumor","grid_77",432.929903252,232.166887456,0.110993460386953,83.1403928742162,4.88054503609642,-7.83179421350773
-0.0166992649931728,-0.119800331813378,0.575186095906788,"Epithelial","grid_77",432.929903252,232.166887456,0.120958608432421,76.2908901039127,-1.27400179041026,-9.13967394878668
0.100596817416064,-0.0210649130071813,0.403531867245192,"Myeloid","grid_78",472.245821572,159.097914976,0.102778646781523,89.7855750392984,9.03214309882466,-1.89132532750257
2.409230964484e-17,4.02852156210796e-18,0.496294889767686,"Epithelial","grid_78",472.245821572,159.097914976,2.44267961468388e-17,377783473836140160,9.10167643036359,1.52190887015694
1.07827375224424e-17,-3.93207800630899e-17,0.501349398697573,"Tumor","grid_79",106.337155372,60.481112972,4.07724315346507e-17,226330379516303840,2.44046107567908,-8.89948707455626
-0.031895931480773,-0.0869367404484051,0.310383380680877,"Fibroblast","grid_80",147.306898172,275.651195204,0.0926031710300436,99.6514460616701,-3.17847569554297,-8.66337190157165
-0.0040665424488388,0.0921400153155598,0.468932103436513,"Endothelial","grid_80",147.306898172,275.651195204,0.0922297088244336,100.054960821857,-0.406877745398985,9.21906562252366
1.33631397837235e-17,-3.33593130279929e-18,0.506725138639583,"Tumor","grid_80",147.306898172,275.651195204,1.37732328280738e-17,669998105617628288,8.95327834019833,-2.23506765334607
1.33631397837235e-17,-3.33593130279929e-18,0.506725138639583,"Epithelial","grid_80",147.306898172,275.651195204,1.37732328280738e-17,669998105617628288,8.95327834019833,-2.23506765334607
0.0549390674543845,-0.0299896373646647,0.327342544884915,"B/Plasma","grid_81",169.532043968,145.006578668,0.0625913690697168,147.433105237903,8.09983731367454,-4.42146536163116
-0.0942116999028665,0.052975638889508,0.329577294653456,"Tumor","grid_81",169.532043968,145.006578668,0.108084516533772,85.3780004664829,-8.04360655825508,4.52295412182065
0.0591600144291664,0.0280332535584712,0.307719006655455,"Epithelial","grid_84",211.588048756,484.367603272,0.0654657972710385,140.959711600769,8.33917857223263,3.95155933683333
-0.0937871767708211,-0.0131713410237687,0.411930390906625,"T","grid_86",418.804738716,300.75174038,0.0947075432634891,97.4372218416262,-9.13836194891831,-1.28337887728466
-0.0835272432962762,-0.163003954399679,0.591301084263863,"Myeloid","grid_86",418.804738716,300.75174038,0.183158645776299,50.3827698874269,-4.2083338783274,-8.21259072525963
-0.094615223549298,-0.014793455171798,0.420997300940847,"B/Plasma","grid_86",418.804738716,300.75174038,0.0957647473927835,96.3615542699734,-9.11726999881135,-1.42552033337763
0.104437491384807,0.0330549733826302,0.521882342138857,"Fibroblast","grid_86",418.804738716,300.75174038,0.109543693894619,84.2407223542906,8.79788971512613,2.78457483515462
0.10778113719287,0.0373653199307162,0.537904693428378,"Tumor","grid_86",418.804738716,300.75174038,0.114074276978262,80.8950111057775,8.71895629021058,3.02266797076622
0.0597110150387182,0.120548457281899,0.601867481821925,"Epithelial","grid_86",418.804738716,300.75174038,0.134526338945204,68.596528942922,4.09596837131468,8.26920573896238
0.125808730294793,-0.0328065250708557,0.57970387904917,"Myeloid","grid_89",495.091151548,289.896637884,0.130015786370781,70.9763034215193,8.92943861447931,-2.32848587763474
-0.125808730294793,0.0328065250708557,0.57970387904917,"Fibroblast","grid_89",495.091151548,289.896637884,0.130015786370781,70.9763034215193,-8.92943861447931,2.32848587763474
4.90966481691202e-17,-9.71695974099473e-18,0.504276948592541,"Tumor","grid_89",495.091151548,289.896637884,5.00489776923614e-17,184380187738548128,9.05244920675583,-1.79161486129252
4.90966481691202e-17,-9.71695974099473e-18,0.504276948592541,"Epithelial","grid_89",495.091151548,289.896637884,5.00489776923614e-17,184380187738548128,9.05244920675583,-1.79161486129252
-0.106077466739796,0.0558741197043605,0.582881516217047,"T","grid_91",406.532609336,150.381508228,0.119893061528471,76.9689236841165,-8.1646684420998,4.30057085544211
-0.106077466739796,0.0558741197043605,0.582881516217047,"B/Plasma","grid_91",406.532609336,150.381508228,0.119893061528471,76.9689236841165,-8.1646684420998,4.30057085544211
0.092771490937093,-0.0344505740714426,0.350675513557458,"Fibroblast","grid_91",406.532609336,150.381508228,0.0989615661989192,93.2487253131285,8.65082327528237,-3.21247211846754
0.106077466739796,-0.0558741197043605,0.582881516217047,"Tumor","grid_91",406.532609336,150.381508228,0.119893061528471,76.9689236841165,8.1646684420998,-4.30057085544211
-0.0837578867528173,-0.0413107204459777,0.347208318428799,"T","grid_93",236.752491696,149.810187044,0.0933914301050342,98.8103500788192,-8.27614611190797,-4.08192674927529
-0.0837578867528173,-0.0413107204459777,0.347208318428799,"B/Plasma","grid_93",236.752491696,149.810187044,0.0933914301050342,98.8103500788192,-8.27614611190797,-4.08192674927529
0.0837578867528173,0.0413107204459777,0.347208318428799,"Endothelial","grid_93",236.752491696,149.810187044,0.0933914301050342,98.8103500788192,8.27614611190797,4.08192674927529
0.0837578867528173,0.0413107204459777,0.347208318428799,"Tumor","grid_93",236.752491696,149.810187044,0.0933914301050342,98.8103500788192,8.27614611190797,4.08192674927529
-1.08715741562389e-17,-6.43115594653979e-18,0.506512593418288,"Epithelial","grid_95",439.891000836,173.365909808,1.26313455911599e-17,730566655503296896,-7.9424095713795,-4.69838809088371
0.0530191884528264,-0.0870350247981864,0.44596855564274,"Fibroblast","grid_96",141.131367216,101.774103284,0.101912363753459,90.5487770391042,4.80082267400923,-7.88091505504389
-4.13055035232971e-18,-1.33987497362053e-17,0.506723889894415,"Tumor","grid_96",141.131367216,101.774103284,1.40209821591283e-17,658159307123298432,-2.71856015792722,-8.81851184269938
-4.13055035232971e-18,-1.33987497362053e-17,0.506723889894415,"Epithelial","grid_96",141.131367216,101.774103284,1.40209821591283e-17,658159307123298432,-2.71856015792722,-8.81851184269938
0.0173805035764902,-0.107875738802982,0.501521619902331,"T","grid_98",405.701938404,398.748358204,0.109266906823894,84.4541148942092,1.46785504596811,-9.11055003916473
-0.0488509716833133,-0.0951375239563187,0.405963850550025,"B/Plasma","grid_98",405.701938404,398.748358204,0.106946556274351,86.2864614300174,-4.21517748397109,-8.20908029140425
0.000936655645428624,0.113444379695434,0.503845695605851,"Tumor","grid_98",405.701938404,398.748358204,0.113448246386976,81.3414062969546,0.076188887415146,9.22772538091229
0.0215280889545892,-0.0568426866453785,0.300471320863586,"Endothelial","grid_99",186.096599612,356.827666328,0.0607828071011976,151.819903409137,3.26839238566904,-8.62985119601718
-0.0166167569449903,0.109064733812936,0.423529265869161,"B/Plasma","grid_100",210.140952336,356.90659886,0.110323310198051,83.6454225899668,-1.38991565673848,9.12276574944527
0.0207474810444742,-0.0955958826953022,0.478151016495778,"Endothelial","grid_100",210.140952336,356.90659886,0.0978214227967718,94.3355723031308,1.95722549817884,-9.01809230388429
-0.0348619747583819,0.0690247327634779,0.391690254380563,"Fibroblast","grid_101",196.4856243,60.785567024,0.0773289791548007,119.334821226165,-4.16024752538259,8.23705414451347
0.000611733888206734,-0.130884629076691,0.694363786023385,"Endothelial","grid_101",196.4856243,60.785567024,0.130886058642213,70.5043760868797,0.0431299161192169,-9.22793911241476
-1.03877917830594e-17,-3.94460577193174e-17,0.501361529414295,"Epithelial","grid_101",196.4856243,60.785567024,4.07909020214547e-17,226227895087643648,-2.35000826969026,-8.92379860734687
-0.0811920917448096,0.0110370231390584,0.353307183641669,"T","grid_102",209.524526848,204.62319248,0.0819388286569298,112.621086416514,-9.14394158072972,1.24300153672496
0.0811920917448096,-0.0110370231390584,0.353307183641669,"Endothelial","grid_102",209.524526848,204.62319248,0.0819388286569298,112.621086416514,9.14394158072972,-1.24300153672496
-0.0153220316723352,0.0730420626346255,0.361861383097202,"T","grid_104",370.62582466,105.814697184,0.0746318133806796,123.647536955452,-1.89453147743767,9.03147113891731
-0.0153220316723352,0.0730420626346255,0.361861383097202,"B/Plasma","grid_104",370.62582466,105.814697184,0.0746318133806796,123.647536955452,-1.89453147743767,9.03147113891731
0.0153220316723352,-0.0730420626346255,0.361861383097202,"Tumor","grid_104",370.62582466,105.814697184,0.0746318133806796,123.647536955452,1.89453147743767,-9.03147113891731
-6.78627173117391e-18,1.87379421356001e-18,0.506959587609308,"Epithelial","grid_104",370.62582466,105.814697184,7.04021226697754e-18,1310761601084752896,-8.89518439974971,2.45609750346926
8.92728222588165e-18,6.648737670977e-18,0.507104741458683,"Epithelial","grid_107",467.479800116,346.66416316,1.11311311445877e-17,829029842805053056,7.40098338039901,5.5120019462221
0.0470135513688991,-0.057048887202145,0.320935503292393,"Fibroblast","grid_111",151.580530976,121.417027676,0.0739246206843104,124.830399095961,5.86872038029813,-7.12143535742422
-0.0691928374094623,0.0292432109102221,0.303880175808133,"Endothelial","grid_111",151.580530976,121.417027676,0.0751186670083543,122.846161554141,-8.50007448279221,3.59241621183896
0.0969068978644004,-0.08625701918565,0.392351936310472,"Myeloid","grid_112",401.552342436,290.231161472,0.129735192652167,71.1298123076079,6.89296945640733,-6.13544558488902
-0.070161820734975,0.0738489261698663,0.420875246815419,"Epithelial","grid_112",401.552342436,290.231161472,0.101864345996473,90.5914607586008,-6.35606182986447,6.69008209718225
0.0262371728558093,-0.0967262926293485,0.420844256890873,"Endothelial","grid_120",153.963541704,82.210111424,0.100221579139844,92.0763769862745,2.41582381892555,-8.9062065846246
4.12947813352494e-18,1.34086810869097e-17,0.506724495125784,"Tumor","grid_120",153.963541704,82.210111424,1.40301574526343e-17,657728891082923904,2.71607707351454,8.8192769421777
4.12947813352494e-18,1.34086810869097e-17,0.506724495125784,"Epithelial","grid_120",153.963541704,82.210111424,1.40301574526343e-17,657728891082923904,2.71607707351454,8.8192769421777
0.0890450474961761,0.0853256407288012,0.575009542279234,"T","grid_122",166.75437058,299.24826358,0.123326742636691,74.825943714616,6.66287971201418,6.38457159058682
0.0890450474961761,0.0853256407288012,0.575009542279234,"B/Plasma","grid_122",166.75437058,299.24826358,0.123326742636691,74.825943714616,6.66287971201418,6.38457159058682
-0.0890450474961761,-0.0853256407288012,0.575009542279234,"Tumor","grid_122",166.75437058,299.24826358,0.123326742636691,74.825943714616,-6.66287971201418,-6.38457159058682
0.0889054853626412,-0.00902454806798356,0.386197277720939,"B/Plasma","grid_125",386.795717644,211.753431204,0.0893623399167577,103.265423797497,9.18086262389534,-0.931923780821208
-0.0889054853626412,0.00902454806798356,0.386197277720939,"Tumor","grid_125",386.795717644,211.753431204,0.0893623399167577,103.265423797497,-9.18086262389534,0.931923780821209
-0.0936185891082716,0.0667378181005847,0.515421947084882,"T","grid_127",451.28735498,359.03025984,0.114971198965002,80.2639268452707,-7.51419558754377,5.35663934983831
-0.101148731688058,0.0705724758674298,0.579973549765601,"B/Plasma","grid_127",451.28735498,359.03025984,0.123335073163159,74.8208896818207,-7.56803809508829,5.28029543144992
0.0905426414035951,-0.0850751069925721,0.569848448169269,"Fibroblast","grid_127",451.28735498,359.03025984,0.124240668632045,74.2755170641431,6.72510150660532,-6.31899756116059
0.0936185891082717,-0.0667378181005847,0.515421947084881,"Tumor","grid_127",451.28735498,359.03025984,0.114971198965002,80.2639268452707,7.51419558754377,-5.35663934983831
1.09077756415325e-17,6.37795890123873e-18,0.506512847713065,"Epithelial","grid_127",451.28735498,359.03025984,1.26355818699378e-17,730321721470943232,7.96618548394285,4.65796192422359
-0.00406340378259265,0.105397596360835,0.397465576351187,"T","grid_131",310.727308948,269.013345132,0.105475895677362,87.489561892581,-0.355505416731687,9.22118953014051
-0.00406340378259265,0.105397596360835,0.397465576351187,"B/Plasma","grid_131",310.727308948,269.013345132,0.105475895677362,87.489561892581,-0.355505416731687,9.22118953014051
0.00714005165975983,-0.117520765881192,0.490719097853831,"Endothelial","grid_131",310.727308948,269.013345132,0.117737465366832,78.3781090775854,0.55962374780825,-9.21105540711745
0.00406340378259265,-0.105397596360835,0.397465576351187,"Tumor","grid_131",310.727308948,269.013345132,0.105475895677362,87.489561892581,0.355505416731687,-9.22118953014051
0.0943595203115258,-0.0587716465965307,0.569668759129191,"Myeloid","grid_135",482.97312854,318.613044764,0.111165756944703,83.0115330175847,7.83292843586368,-4.87872448194573
-0.0943595203115258,0.0587716465965307,0.56966875912919,"Fibroblast","grid_135",482.97312854,318.613044764,0.111165756944703,83.0115330175848,-7.83292843586368,4.87872448194573
2.40554063545178e-19,-1.19123518676958e-17,0.50716946311549,"Tumor","grid_135",482.97312854,318.613044764,1.19147804544307e-17,774503562053333248,0.186309979082144,-9.22615895396307
2.40554063545178e-19,-1.19123518676958e-17,0.50716946311549,"Epithelial","grid_135",482.97312854,318.613044764,1.19147804544307e-17,774503562053333248,0.186309979082144,-9.22615895396307
0.076036751401854,0.0559860179834322,0.458824763217527,"T","grid_136",184.348807832,206.495021096,0.0944246883679716,97.7291009643418,7.43100335475235,5.4714632040943
-0.0602199505250365,-0.040436167794965,0.308097004269665,"Endothelial","grid_136",184.348807832,206.495021096,0.0725363778195493,127.219474978429,-7.66115048902209,-5.14426803701509
0.0947008944067734,0.0305418046103232,0.459978302034872,"T","grid_143",164.957715804,276.365346684,0.0995040764506561,92.7403201176002,8.78259126270721,2.83245673653057
0.0947008944067734,0.0305418046103232,0.459978302034872,"B/Plasma","grid_143",164.957715804,276.365346684,0.0995040764506561,92.7403201176002,8.78259126270721,2.83245673653057
-0.0725607289768964,-0.0588647245737313,0.361815523990193,"Fibroblast","grid_143",164.957715804,276.365346684,0.0934350854272626,98.7641832919803,-7.1664011364739,-5.81372644723194
-0.0947008944067734,-0.0305418046103232,0.459978302034872,"Tumor","grid_143",164.957715804,276.365346684,0.0995040764506561,92.7403201176002,-8.78259126270721,-2.83245673653057
1.9614435542297e-18,-6.83504907372726e-18,0.506961884032034,"Epithelial","grid_143",164.957715804,276.365346684,7.11091813036046e-18,1297728329010056704,2.54542086607806,-8.87003681314982
0.0816510764171678,-0.0583178288903802,0.517638061906648,"Fibroblast","grid_144",425.017856592,351.09941972,0.100338763429543,91.9688422263628,7.5093549646232,-5.3634232042034
-4.11958101903852e-18,-1.34399011609056e-17,0.506726147605848,"Epithelial","grid_144",425.017856592,351.09941972,1.40570939737676e-17,656468536118540416,-2.70437532098994,-8.82287224067758
-0.0895724751157849,0.0420517978411389,0.464417746842217,"T","grid_147",445.356139004,335.478295768,0.0989524229114169,93.2573415741525,-8.35329090751502,3.9216388750783
-0.0895724751157849,0.0420517978411389,0.464417746842217,"B/Plasma","grid_147",445.356139004,335.478295768,0.0989524229114169,93.2573415741525,-8.35329090751502,3.9216388750783
0.0895724751157849,-0.0420517978411389,0.464417746842217,"Fibroblast","grid_147",445.356139004,335.478295768,0.0989524229114169,93.2573415741525,8.35329090751502,-3.9216388750783
0.0895724751157849,-0.0420517978411389,0.464417746842217,"Tumor","grid_147",445.356139004,335.478295768,0.0989524229114169,93.2573415741525,8.35329090751502,-3.9216388750783
6.89519416114346e-18,-1.91608260781533e-18,0.506963257144026,"Epithelial","grid_147",445.356139004,335.478295768,7.15647085369872e-18,1289467964264903680,8.89113197818091,-2.47072713966303
0.0678040489782973,0.0408437663863788,0.40184128478689,"Epithelial","grid_149",200.251833684,503.935353824,0.0791555576727018,116.581073702958,7.90466883129786,4.76161013939683
-0.0130194371389956,-0.119001187628571,0.569669153006297,"B/Plasma","grid_150",377.831237224,420.872019316,0.119711270983257,77.0858067686097,-1.00361381553268,-9.17330255477113
6.91109222587446e-18,-1.93220324043367e-18,0.506963869695955,"Epithelial","grid_152",298.688218472,497.733512024,7.17611351059087e-18,1285938396796649984,8.8872388570548,-2.48469433728856
-0.0691582195813488,-0.0926615696504549,0.487655769549799,"B/Plasma","grid_158",229.91918964,394.23041042,0.115624503569737,79.8104174992133,-5.51954637828972,-7.39535855993524
0.0975712526568558,0.0750685230085321,0.308784928026619,"Fibroblast","grid_158",229.91918964,394.23041042,0.123107402262051,74.9592610474944,7.31386899863628,5.6270810126464
-0.0380358620084808,0.105476587176181,0.550513840215035,"Myeloid","grid_163",131.430183164,82.134937584,0.112125096392658,82.3012884709036,-3.13040045139946,8.68085902811332
4.08257088158326e-18,1.34079482353138e-17,0.506723755241717,"Tumor","grid_163",131.430183164,82.134937584,1.40157219180464e-17,658406320915809408,2.68799047402125,8.82787786864259
4.08257088158326e-18,1.34079482353138e-17,0.506723755241717,"Epithelial","grid_163",131.430183164,82.134937584,1.40157219180464e-17,658406320915809408,2.68799047402125,8.82787786864259
-0.0853120674099927,0.0447798766165241,0.354552404203876,"T","grid_165",230.441647828,128.220260196,0.0963503305420291,95.7759029068886,-8.1708402850454,4.28883311500667
-0.0853120674099927,0.0447798766165241,0.354552404203876,"B/Plasma","grid_165",230.441647828,128.220260196,0.0963503305420291,95.7759029068886,-8.1708402850454,4.28883311500667
0.118280070212465,-0.0318178225620406,0.546980686829497,"Endothelial","grid_165",230.441647828,128.220260196,0.122484892301276,75.3402295553465,8.9112476416296,-2.39716205577542
0.0853120674099927,-0.0447798766165242,0.354552404203876,"Tumor","grid_165",230.441647828,128.220260196,0.0963503305420291,95.7759029068886,8.1708402850454,-4.28883311500667
0.109141494043734,-0.0868898536384721,0.618591368105539,"T","grid_167",269.2163145,101.552340456,0.13950524143348,66.1483382862013,7.21952846906633,-5.74761943211617
0.0832791829123524,-0.0336383828303203,0.303558727917704,"Myeloid","grid_167",269.2163145,101.552340456,0.0898162741711558,102.743517120905,8.55639615537022,-3.45612576224656
0.109141494043734,-0.0868898536384721,0.618591368105539,"B/Plasma","grid_167",269.2163145,101.552340456,0.13950524143348,66.1483382862013,7.21952846906633,-5.74761943211617
-0.107443659821239,0.0782304327524092,0.56564722791994,"Endothelial","grid_167",269.2163145,101.552340456,0.132906510918056,69.432564584662,-7.46008884975062,5.43173957456771
-0.109141494043734,0.0868898536384721,0.618591368105539,"Tumor","grid_167",269.2163145,101.552340456,0.13950524143348,66.1483382862013,-7.21952846906632,5.74761943211617
-0.0849770171348474,0.0422978037163832,0.347291218126138,"Epithelial","grid_167",269.2163145,101.552340456,0.0949220608729385,97.2170201339449,-8.26121238572104,4.11206643551727
-0.0117292470145054,0.0596581752248912,0.356279506711681,"T","grid_169",458.143209188,218.526594188,0.0608002722583633,151.776292445313,-1.78022162503688,9.05469664968681
0.0463592075664706,0.122211902431887,0.413176499613819,"Myeloid","grid_169",458.143209188,218.526594188,0.130709315743799,70.5997108968709,3.27294665160085,8.62812497984778
-0.0108397175627957,0.0623087129434465,0.367737111336194,"B/Plasma","grid_169",458.143209188,218.526594188,0.0632445664504864,145.910398646887,-1.58162751080718,9.09148914475271
-0.0205461081796077,-0.079620002208344,0.347445468060295,"Fibroblast","grid_169",458.143209188,218.526594188,0.0822282634681339,112.224672075389,-2.30578025288194,-8.93532863847314
0.00405349467675635,-0.0835313463464169,0.417949745015346,"Tumor","grid_169",458.143209188,218.526594188,0.0836296397310161,110.34413077374,0.447279346702662,-9.21719380495559
-0.00729762948631824,-0.0810274420454633,0.434312833306838,"Epithelial","grid_169",458.143209188,218.526594188,0.0813554040033635,113.428726906187,-0.827760822066127,-9.19083959568172
0.0185507325553941,0.11416765663621,0.484321400160689,"Myeloid","grid_170",90.561925048,282.6536384,0.11566496228394,79.7825004290109,1.48002382805919,9.10858111455761
-0.0260820186081106,-0.121842077623119,0.54852665227025,"Fibroblast","grid_170",90.561925048,282.6536384,0.124602422023779,74.0598758287294,-1.93163105947928,-9.02360913948258
1.33154523109386e-17,-3.31992983830728e-18,0.50672201214859,"Epithelial","grid_170",90.561925048,282.6536384,1.37230901904842e-17,672446203803199744,8.95392535841319,-2.2324742166627
0.0741398673680878,-0.00123767833060348,0.327966475109292,"T","grid_171",399.421164072,254.9332849,0.0741501974441586,124.450645057142,9.22675431840951,-0.15402986661685
0.0970647102655542,0.078257200852449,0.468831898087164,"Myeloid","grid_171",399.421164072,254.9332849,0.124682586852361,74.0122589369043,7.18397846980979,5.79199221316879
0.0744407613485503,-0.00111547779153262,0.331110772669227,"B/Plasma","grid_171",399.421164072,254.9332849,0.0744491184692957,123.950962654391,9.22700402987859,-0.138264546080062
-0.0794234000203813,-0.00500681087491462,0.378417191004644,"Endothelial","grid_171",399.421164072,254.9332849,0.0795810569541186,115.957744923648,-9.20975836053225,-0.580578498314297
-0.0794234000203813,-0.00500681087491462,0.378417191004644,"Tumor","grid_171",399.421164072,254.9332849,0.0795810569541186,115.957744923648,-9.20975836053225,-0.580578498314297
-0.0867985389414297,-0.0658904229804837,0.429742544992058,"Epithelial","grid_171",399.421164072,254.9332849,0.108974924652022,84.6803971877649,-7.35013475287795,-5.57962718885719
-0.13108305370436,0.040494586189931,0.677997569842909,"T","grid_175",404.912613084,188.284158356,0.137195402543795,67.2620199506631,-8.81691097345653,2.72374766420098
-0.13108305370436,0.040494586189931,0.677997569842909,"B/Plasma","grid_175",404.912613084,188.284158356,0.137195402543795,67.2620199506631,-8.81691097345653,2.72374766420098
0.0771282065450031,-0.0171021919885596,0.334296813057154,"Fibroblast","grid_175",404.912613084,188.284158356,0.0790015519826175,116.808336943437,9.00921753795169,-1.99767860427101
0.13108305370436,-0.040494586189931,0.67799756984291,"Tumor","grid_175",404.912613084,188.284158356,0.137195402543795,67.2620199506631,8.81691097345653,-2.72374766420098
-1.00812253469965e-17,1.02106836343647e-17,0.506730411641422,"Epithelial","grid_175",404.912613084,188.284158356,1.43488384469966e-17,643121039875638144,-6.48344812838104,6.5667054767738
-0.0800969974243921,0.0237909909979489,0.380795915125141,"T","grid_176",432.997559708,212.561549984,0.0835556117149983,110.441892694367,-8.84606399468567,2.62752207488811
-0.0800969974243921,0.0237909909979489,0.380795915125141,"B/Plasma","grid_176",432.997559708,212.561549984,0.0835556117149983,110.441892694367,-8.84606399468567,2.62752207488811
0.107932018340867,-0.0337603435762658,0.497134984643562,"Fibroblast","grid_176",432.997559708,212.561549984,0.1130888207628,81.5999303980318,8.80724518433385,-2.75484168603693
0.0800969974243921,-0.0237909909979489,0.380795915125141,"Tumor","grid_176",432.997559708,212.561549984,0.0835556117149983,110.441892694367,8.84606399468567,-2.62752207488812
1.09740566955122e-17,-6.40479238584274e-18,0.506516935673969,"Epithelial","grid_176",432.997559708,212.561549984,1.27063482504638e-17,726254288103836032,7.96995573301031,-4.65150793463309
-0.0229458519274899,0.0892631889632828,0.313396781212886,"Fibroblast","grid_178",114.730314608,244.826162112,0.0921652267646156,100.124962819306,-2.29745257109721,8.93747347608133
-0.028642148222981,-0.0870912508209764,0.333151164881737,"B/Plasma","grid_180",82.010900748,479.353508144,0.0916801975586301,100.654668606474,-2.88296593756167,-8.76614098990871
0.069909938180225,0.100994180777299,0.622015372655196,"Fibroblast","grid_180",82.010900748,479.353508144,0.122830061496527,75.1285132532552,5.25222971710729,7.58754264902898
0.0806390276571524,0.164722962040687,0.518434430097504,"Fibroblast","grid_181",179.32719532,471.18962912,0.183402036534354,50.3159074861824,4.05742585537298,8.28818531888913
0.0526831379681049,0.0843744236944772,0.432596300250605,"Endothelial","grid_185",80.593873864,119.218192856,0.0994713848297164,92.770799550417,4.88745683212602,7.82748274774229
0.0908213577097057,-0.0186868859632421,0.338032040935147,"Epithelial","grid_185",80.593873864,119.218192856,0.0927238843191846,99.521714073951,9.03869719379336,-1.85975092176631
0.110517513498518,0.018147073545417,0.489189911001667,"Fibroblast","grid_194",189.603459248,543.115959232,0.111997486883224,82.395062245118,9.10609740388605,1.49522925434137
0.000200545515733158,0.100487270921269,0.365564693137549,"Myeloid","grid_199",57.128359708,283.191131356,0.100487471038475,91.8327410141182,0.0184166444078659,9.22802152572843
0.0104465766245355,-0.104820413903717,0.394381917167803,"Fibroblast","grid_199",57.128359708,283.191131356,0.105339689263443,87.6026877197412,0.915148189779527,-9.18254998586132
-4.11373112265021e-17,-8.05066274516946e-18,0.501525971202177,"Tumor","grid_199",57.128359708,283.191131356,4.19176758132241e-17,220146745352917632,-9.05624517908447,-1.77232720128304
-4.11373112265021e-17,-8.05066274516946e-18,0.501525971202177,"Epithelial","grid_199",57.128359708,283.191131356,4.19176758132241e-17,220146745352917632,-9.05624517908447,-1.77232720128304
0.0781744487969127,-0.0394267735312342,0.388068012942419,"T","grid_201",183.149785084,228.0586371,0.087554068527878,105.398184895334,8.2394450083878,-4.15551036647147
4.07535191896379e-18,1.34938495367712e-17,0.506728808940939,"Epithelial","grid_203",123.875212244,317.406504632,1.40958316031521e-17,654664454204774272,2.66798803972081,8.83394364211167
0.1285984843376,-0.108522749954347,0.689920279121631,"Myeloid","grid_206",505.878597588,321.958280644,0.168269894608577,54.8407065001491,7.05243173592235,-5.9514642788354
-0.1285984843376,0.108522749954347,0.689920279121631,"Fibroblast","grid_206",505.878597588,321.958280644,0.168269894608577,54.8407065001491,-7.05243173592235,5.9514642788354
3.73380212266825e-17,-2.48621361919209e-17,0.4993676053563,"Tumor","grid_206",505.878597588,321.958280644,4.48581502644705e-17,205716014785143680,7.68102892671622,-5.11453957644745
3.73380212266825e-17,-2.48621361919209e-17,0.4993676053563,"Epithelial","grid_206",505.878597588,321.958280644,4.48581502644705e-17,205716014785143680,7.68102892671622,-5.11453957644745
-4.08004171773801e-18,-1.34368562165909e-17,0.506725419617222,"Tumor","grid_210",312.505170264,520.65401584,1.4042643818164e-17,657144055103329152,-2.68117515938511,-8.82995018201093
-4.08004171773801e-18,-1.34368562165909e-17,0.506725419617222,"Epithelial","grid_210",312.505170264,520.65401584,1.4042643818164e-17,657144055103329152,-2.68117515938511,-8.82995018201093
-0.03343593773768,0.0521009771054401,0.315305719586549,"B/Plasma","grid_214",59.1054317,140.717911096,0.0619069765675857,149.063004118211,-4.98406132468803,7.76632816483102
5.15035677119377e-18,5.16752079356084e-18,0.506963496713158,"Tumor","grid_215",461.176473632,321.153920556,7.29585128840118e-18,1264833881374553344,6.51434574537273,6.53605538240327
5.15035677119377e-18,5.16752079356084e-18,0.506963496713158,"Epithelial","grid_215",461.176473632,321.153920556,7.29585128840118e-18,1264833881374553344,6.51434574537273,6.53605538240327
0.0104075062164857,-0.10682369449729,0.41551668117085,"T","grid_216",312.79834824,212.155611248,0.107329482863268,85.9786114389095,0.894822933035259,-9.18455292165126
0.0104075062164857,-0.10682369449729,0.41551668117085,"B/Plasma","grid_216",312.79834824,212.155611248,0.107329482863268,85.9786114389095,0.894822933035259,-9.18455292165126
-0.0104075062164857,0.10682369449729,0.415516681170851,"Endothelial","grid_216",312.79834824,212.155611248,0.107329482863268,85.9786114389096,-0.894822933035258,9.18455292165126
-0.0104075062164857,0.10682369449729,0.415516681170851,"Tumor","grid_216",312.79834824,212.155611248,0.107329482863268,85.9786114389096,-0.894822933035258,9.18455292165126
0.0862116576969917,-0.0713944445462064,0.414806242977392,"T","grid_219",265.53279634,81.931968216,0.111935770131467,82.4404914729385,7.10733143123673,-5.88579309682671
0.0862116576969917,-0.0713944445462064,0.414806242977392,"B/Plasma","grid_219",265.53279634,81.931968216,0.111935770131467,82.4404914729385,7.10733143123673,-5.88579309682671
-0.0862116576969917,0.0713944445462064,0.414806242977391,"Endothelial","grid_219",265.53279634,81.931968216,0.111935770131467,82.4404914729385,-7.10733143123673,5.88579309682671
-0.0862116576969917,0.0713944445462064,0.414806242977391,"Tumor","grid_219",265.53279634,81.931968216,0.111935770131467,82.4404914729385,-7.10733143123673,5.88579309682671
0.00260862827109137,0.119859456719005,0.529753862973259,"T","grid_220",349.1824868,115.549709464,0.119887840527853,76.9722756070171,0.200792054238702,9.22585513668262
0.00246667732211672,0.115313812411406,0.49945859631448,"B/Plasma","grid_220",349.1824868,115.549709464,0.115340191736725,80.0071489746081,0.19735181998288,9.22592936842939
-0.0024666773221167,-0.115313812411406,0.49945859631448,"Tumor","grid_220",349.1824868,115.549709464,0.115340191736725,80.0071489746081,-0.197351819982878,-9.22592936842939
4.18865286102606e-18,-1.34635483516836e-17,0.506728508509778,"Epithelial","grid_220",349.1824868,115.549709464,1.41000690426786e-17,654467710413913856,2.74133804767441,-8.81145766377341
0.0638620131134947,-0.0572202272713203,0.350835855689374,"Endothelial","grid_221",58.274760768,53.78688252,0.0857467849420007,107.619660717097,6.8728081839851,-6.15802144509467
0.0154634955815904,-0.100724469691947,0.533805706820122,"T","grid_223",383.16106248,398.669425672,0.101904555787883,90.5557149206203,1.40030789756277,-9.12117636295461
-0.0153318620814347,0.0966524218151549,0.417464379696695,"Tumor","grid_223",383.16106248,398.669425672,0.0978609045411842,94.2975128454534,-1.4457564615688,9.11408298765875
-0.117566395440256,0.00706557332121074,0.560912572221197,"T","grid_228",434.903216552,315.835371376,0.117778519532094,78.3507887490926,-9.21141981313174,0.553593242681407
-0.117828591279753,0.00674079777873144,0.562433994236204,"B/Plasma","grid_228",434.903216552,315.835371376,0.118021249263278,78.1896477172035,-9.21297604317826,0.527060603651919
0.125366362287617,0.000547374690609205,0.601919644387307,"Fibroblast","grid_228",434.903216552,315.835371376,0.125367557255783,73.6078783461685,9.22795194396863,0.0402910896361339
0.120793737140493,-0.00306794447451151,0.572472488405946,"Tumor","grid_228",434.903216552,315.835371376,0.120832691005643,76.3703913753691,9.22506498111291,-0.234300120236345
-0.0151633331625721,0.107173229186235,0.511815695225615,"T","grid_232",335.703817288,102.431874384,0.108240601101455,85.2548841112815,-1.29274821151583,9.13704123410424
-0.0222361397099009,0.0974640923096089,0.470765616120525,"B/Plasma","grid_232",335.703817288,102.431874384,0.0999684710242894,92.309503271265,-2.0526070112914,8.99686194788471
-0.0107986795585934,-0.103857504126195,0.362474956926982,"Fibroblast","grid_232",335.703817288,102.431874384,0.104417396268686,88.3764605592586,-0.954349078102101,-9.17855861719171
0.0222361397099009,-0.0974640923096089,0.470765616120525,"Tumor","grid_232",335.703817288,102.431874384,0.0999684710242894,92.309503271265,2.0526070112914,-8.99686194788471
-0.0775304756195454,0.0606026737252498,0.354409530411375,"Fibroblast","grid_233",102.503289532,529.75005048,0.0984055827300566,93.7755729606734,-7.27046477313639,5.68305045153405
-5.04041844717132e-18,-5.13079310118161e-18,0.506960285878564,"Tumor","grid_234",111.460252568,99.714340068,7.19241655980225e-18,1283023560483782144,-6.46697562241788,-6.58292843278365
-5.04041844717132e-18,-5.13079310118161e-18,0.506960285878564,"Epithelial","grid_234",111.460252568,99.714340068,7.19241655980225e-18,1283023560483782144,-6.46697562241788,-6.58292843278365
-0.070116042758272,0.0671433704857309,0.335061976616749,"Fibroblast","grid_235",146.074047196,529.896639468,0.0970798210353931,95.0562104937922,-6.66496531942204,6.38239435815431
-4.08449308460781e-17,-5.77242154484618e-17,0.500149451620883,"Epithelial","grid_237",344.777299776,85.468897388,7.07134599985133e-17,130499057792307424,-5.33022499100514,-7.53295572782442
-0.104109467826887,0.0253865156102973,0.424967110907943,"T","grid_238",254.110131352,236.797596,0.107159957381615,86.1146283417919,-8.9653481287741,2.18615035667385
-0.0957262264397176,0.0223749337410387,0.351240270705205,"B/Plasma","grid_238",254.110131352,236.797596,0.0983063990201246,93.87018541032,-8.98583862452657,2.10033917881493
0.104109467826887,-0.0253865156102973,0.424967110907943,"Endothelial","grid_238",254.110131352,236.797596,0.107159957381615,86.1146283417919,8.9653481287741,-2.18615035667385
0.0957262264397176,-0.0223749337410387,0.351240270705204,"Tumor","grid_238",254.110131352,236.797596,0.0983063990201246,93.8701854103201,8.98583862452657,-2.10033917881493
-1.08895781298231e-17,-6.4675595690024e-18,0.506514513107307,"Tumor","grid_240",75.113700928,296.324001204,1.26653953204831e-17,728602595460717056,-7.93417488886134,-4.71228068827195
-1.08895781298231e-17,-6.4675595690024e-18,0.506514513107307,"Epithelial","grid_240",75.113700928,296.324001204,1.26653953204831e-17,728602595460717056,-7.93417488886134,-4.71228068827195
-0.011074452378039,-0.0899528544869298,0.361273143064069,"T","grid_244",203.875212772,319.631650296,0.0906320005617233,101.818781951695,-1.12758725191398,-9.15889007693725
-0.00912814965445929,-0.107856432365935,0.474853832907453,"B/Plasma","grid_244",203.875212772,319.631650296,0.108242011801434,85.2537729986814,-0.778209198539264,-9.19516780137304
0.0110904631827818,0.085672076461628,0.326446038858279,"Endothelial","grid_244",203.875212772,319.631650296,0.0863869380106487,106.822166817656,1.18470730819618,9.15167684339898
0.00907632578367402,0.121712480878677,0.440862155202321,"Tumor","grid_244",203.875212772,319.631650296,0.122050430934814,75.6084172121327,0.686246626605262,9.20248803419877
0.0695405084712089,0.0261971688282558,0.346411684026728,"T","grid_247",193.095284116,286.265741412,0.074311331390646,124.180790874668,8.6355953397813,3.25318514377002
0.00556355042299572,-0.0922393735736881,0.307520971915667,"Myeloid","grid_250",125.664349636,119.368540536,0.0924070080165764,99.8629876792963,0.555592767344765,-9.21129942673523
-0.104909273286284,-0.0436615901463556,0.386992401066376,"Fibroblast","grid_252",422.642363248,499.458751652,0.113632258076501,81.2096851655221,-8.51964905452283,-3.5457439896116
0.00213973251252692,-0.0990771295809656,0.429659548275337,"T","grid_254",297.35012412,225.833491436,0.0991002323974501,93.1182468475971,0.199248140289311,-9.22588860927173
0.00213973251252692,-0.0990771295809656,0.429659548275337,"B/Plasma","grid_254",297.35012412,225.833491436,0.0991002323974501,93.1182468475971,0.199248140289311,-9.22588860927173
-0.00213973251252691,0.0990771295809657,0.429659548275337,"Endothelial","grid_254",297.35012412,225.833491436,0.0991002323974501,93.1182468475971,-0.19924814028931,9.22588860927173
-0.00213973251252691,0.0990771295809657,0.429659548275337,"Tumor","grid_254",297.35012412,225.833491436,0.0991002323974501,93.1182468475971,-0.19924814028931,9.22588860927173
0.0947550323773173,-0.0617519710119023,0.458099781982413,"T","grid_258",345.68690324,372.399927284,0.113100937594174,81.5911883608942,7.73117569484032,-5.0384166984886
-0.0957558612770679,0.0617849010378167,0.462367479705582,"Tumor","grid_258",345.68690324,372.399927284,0.113958584429458,80.9771369944693,-7.75403549665652,5.00316439552901
0.121228713947755,-0.0209218626281645,0.329733049697856,"Fibroblast","grid_259",177.263673412,526.735579496,0.123020833281434,75.0120094043668,9.09360943072832,-1.56939095622075
0.0699405834944403,-0.0302917512106647,0.34112079581304,"T","grid_260",160.537494012,250.208609056,0.0762186027879781,121.073328104822,8.4679392132651,-3.66752313319846
-0.0610582714594988,0.066628159615704,0.326887905368684,"Fibroblast","grid_260",160.537494012,250.208609056,0.0903738024396317,102.109678401594,-6.23464046248666,6.80337995084963
-0.029532969664681,-0.0686653079723367,0.425668864166235,"T","grid_263",466.652887876,257.117084952,0.074747045534595,123.456918424542,-3.64604942672698,-8.47720732493681
0.0374069010274721,-0.14576702242031,0.356296827511518,"Myeloid","grid_263",466.652887876,257.117084952,0.150490202570673,61.3198716288945,2.29378636903935,-8.93841510253959
-0.0297540832234925,-0.0716059222433425,0.434736306171787,"B/Plasma","grid_263",466.652887876,257.117084952,0.0775416892309558,119.007465462282,-3.54095803158165,-8.52163931826946
-0.0342895046388968,0.0893777889549311,0.328146220470732,"Fibroblast","grid_263",466.652887876,257.117084952,0.0957296155160624,96.3969180623277,-3.30540256907354,8.61574339848052
0.0280848282497991,0.098330231840529,0.439101537348334,"Tumor","grid_263",466.652887876,257.117084952,0.102262368795334,90.2388631492473,2.53434297300373,8.87320833449126
0.0280848282497991,0.098330231840529,0.439101537348334,"Epithelial","grid_263",466.652887876,257.117084952,0.102262368795334,90.2388631492473,2.53434297300373,8.87320833449126
5.03516207514426e-18,5.18934601329507e-18,0.506961480609396,"Tumor","grid_264",134.57996706,261.232852692,7.23064099293227e-18,1276240918621202688,6.42607987218875,6.62285572305098
5.03516207514426e-18,5.18934601329507e-18,0.506961480609396,"Epithelial","grid_264",134.57996706,261.232852692,7.23064099293227e-18,1276240918621202688,6.42607987218875,6.62285572305098
-0.0512518902794249,0.0852273734528909,0.42650234568888,"Myeloid","grid_265",166.671679356,101.8605532,0.0994507991063558,92.7900025536371,-4.75566302990656,7.90824820033353
0.080632389012725,-0.06432363089978,0.380609676331745,"Fibroblast","grid_265",166.671679356,101.8605532,0.103146069484157,89.4657445425723,7.21383671726976,-5.75476153013043
-4.2168935184908e-18,1.34262308593216e-17,0.506726703469588,"Tumor","grid_265",166.671679356,101.8605532,1.4072876963652e-17,655732294602911488,-2.76515326297612,8.80401316925134
-4.2168935184908e-18,1.34262308593216e-17,0.506726703469588,"Epithelial","grid_265",166.671679356,101.8605532,1.4072876963652e-17,655732294602911488,-2.76515326297612,8.80401316925134
-0.108176601024667,-0.0280965924274676,0.526767055798522,"T","grid_268",431.997747636,284.454051868,0.111765806556769,82.5658596965681,-8.93169406265428,-2.31981930831795
-0.179305398365777,-0.0448926950484711,0.664842538865425,"Myeloid","grid_268",431.997747636,284.454051868,0.184839876519719,49.9245080487572,-8.95173380389785,-2.2412457152778
-0.110232303880185,-0.0286207379661092,0.542682683818456,"B/Plasma","grid_268",431.997747636,284.454051868,0.113887257673799,81.0278523824974,-8.93188684658625,-2.31907693099604
0.135475726750531,0.0228380596058766,0.670348126571769,"Fibroblast","grid_268",431.997747636,284.454051868,0.137387224679539,67.1681076938903,9.09964820428775,1.53398924712701
0.131992645804886,0.0349837142541852,0.659090151391,"Tumor","grid_268",431.997747636,284.454051868,0.136550059720209,67.5799038239036,8.92005030895677,2.36419604470076
0.130245930715212,0.0437882515819861,0.666392664998624,"Epithelial","grid_268",431.997747636,284.454051868,0.137409655572231,67.157143103304,8.74694460766449,2.94069387773491
4.07577169948848e-18,1.34049696903785e-17,0.506723505084685,"Epithelial","grid_269",214.158994084,278.489007664,1.40108931673294e-17,658633235785276288,2.68443870275616,8.82895856277757
-0.0152397034761461,0.105324168508685,0.450299999544539,"T","grid_270",321.740276508,121.341853836,0.106420999027855,86.7125848031609,-1.32147408005035,9.13293089363177
-0.0175465637468034,0.094159020778752,0.358354354096338,"B/Plasma","grid_270",321.740276508,121.341853836,0.0957799722976264,96.3462369185576,-1.6905453878561,9.07186732396903
-0.00816248143399422,-0.102048880852508,0.489151290677813,"Fibroblast","grid_270",321.740276508,121.341853836,0.102374802497537,90.1397578106394,-0.73576409959408,-9.19866140489186
0.0175465637468034,-0.094159020778752,0.358354354096338,"Tumor","grid_270",321.740276508,121.341853836,0.0957799722976265,96.3462369185576,1.69054538785609,-9.07186732396903
0.089032490498762,0.0690724431329003,0.404965038403132,"Fibroblast","grid_271",222.563429396,460.218007172,0.112684456624505,81.8927488268443,7.29111538184352,5.65653223633909
-0.0692908472031177,0.104143518706418,0.518698090524926,"T","grid_273",281.082505144,260.42097522,0.125088344759533,73.7721801402021,-5.11173686193562,7.68289442244439
-0.0692908472031177,0.104143518706418,0.518698090524926,"B/Plasma","grid_273",281.082505144,260.42097522,0.125088344759533,73.7721801402021,-5.11173686193562,7.68289442244439
0.0692908472031177,-0.104143518706418,0.518698090524926,"Endothelial","grid_273",281.082505144,260.42097522,0.125088344759533,73.7721801402021,5.11173686193562,-7.68289442244439
0.0692908472031177,-0.104143518706418,0.518698090524926,"Tumor","grid_273",281.082505144,260.42097522,0.125088344759533,73.7721801402021,5.11173686193562,-7.68289442244439
1.04066948217781e-17,3.93942065270713e-17,0.501353078678287,"Tumor","grid_274",315.068598208,542.232666612,4.07455863255294e-17,226479497173369024,2.35690301047302,8.92198008579496
1.04066948217781e-17,3.93942065270713e-17,0.501353078678287,"Epithelial","grid_274",315.068598208,542.232666612,4.07455863255294e-17,226479497173369024,2.35690301047302,8.92198008579496
-0.0582271881744563,-0.042597266052823,0.308202585350697,"B/Plasma","grid_276",286.277017488,390.501787956,0.0721452182606618,127.909238138264,-7.44779527832802,-5.44858384758952
-0.00581886666778603,-0.104516742414944,0.401000749099711,"B/Plasma","grid_277",250.231161208,386.457435364,0.104678596925681,88.1559380241945,-0.512967649336396,-9.21377146682252
-0.0829296324429948,0.0162120419167536,0.404303845316222,"Fibroblast","grid_280",103.311408312,511.452737824,0.084499433372306,109.20830513006,-9.05660460415833,1.77048962042615
-6.87443905670778e-18,1.84309300727375e-18,0.506962053239629,"Epithelial","grid_281",324.611917196,497.165949532,7.11722587655125e-18,1296578198177345536,-8.91324780562614,2.38971421044427
0.0853794554554213,-0.0253737065614659,0.346734827363138,"T","grid_283",287.021238504,168.280399532,0.0890700645477012,103.604279955337,8.84567700543773,-2.6288245980987
-5.70232902656049e-18,6.86232520607805e-18,0.507042514461989,"Epithelial","grid_284",297.008083148,326.483745812,8.92233509576548e-18,1034262869976672896,-5.89770718456174,7.09744816235155
0.000300438378132269,-0.102640596120501,0.37183257997704,"T","grid_285",242.946816112,94.929525152,0.102641035824814,89.9059506647054,0.0270111980021439,-9.22800037100568
0.000300438378132269,-0.102640596120501,0.37183257997704,"B/Plasma","grid_285",242.946816112,94.929525152,0.102641035824814,89.9059506647054,0.0270111980021439,-9.22800037100568
-0.000300438378132272,0.102640596120501,0.37183257997704,"Tumor","grid_285",242.946816112,94.929525152,0.102641035824814,89.9059506647055,-0.0270111980021441,9.22800037100568
0.130353469521368,-0.0449123439314853,0.430987039675541,"Fibroblast","grid_286",223.010713744,438.654391168,0.137873658302368,66.931131128777,8.72470516162571,-3.00603398097897
-1.34202904077584e-17,3.36397658286216e-18,0.506729047385777,"Tumor","grid_288",224.672055608,503.36403264,1.38354809485835e-17,666983673161341952,-8.95111459105863,2.24371745766614
-1.34202904077584e-17,3.36397658286216e-18,0.506729047385777,"Epithelial","grid_288",224.672055608,503.36403264,1.38354809485835e-17,666983673161341952,-8.95111459105863,2.24371745766614
0.109994628092927,-0.0545911478585878,0.623396886420797,"Myeloid","grid_291",450.926520548,130.922759744,0.122796627127212,75.1489688188274,8.26598287679386,-4.10246846820901
-0.109994628092927,0.0545911478585878,0.623396886420797,"Fibroblast","grid_291",450.926520548,130.922759744,0.122796627127212,75.1489688188274,-8.26598287679386,4.10246846820901
4.39934977750109e-18,4.17253643627318e-18,0.506930091692083,"Tumor","grid_291",450.926520548,130.922759744,6.0633603535355e-18,1521934927990747136,6.69552408682723,6.35032894067819
4.39934977750109e-18,4.17253643627318e-18,0.506930091692083,"Epithelial","grid_291",450.926520548,130.922759744,6.0633603535355e-18,1521934927990747136,6.69552408682723,6.35032894067819
-0.0871892441910075,-0.00747338177472799,0.352539998194249,"Fibroblast","grid_296",213.591431592,111.824845692,0.0875089466154745,105.452530969081,-9.194326473223,-0.78808702304327
-0.0437753537278698,0.0863030561767644,0.335346726396607,"Fibroblast","grid_297",104.88630026,490.543134228,0.0967703420447085,95.3602075600455,-4.17442681750408,8.22987735008252
-0.0909375617261011,-0.0492839979322243,0.405555524851309,"T","grid_299",441.093782276,262.2627343,0.103433807746171,89.2168634619524,-8.11316402808043,-4.3969637143784
-0.0906905417230265,-0.050022627792264,0.405187169448172,"B/Plasma","grid_299",441.093782276,262.2627343,0.103571413282138,89.098329457975,-8.08037576516044,-4.4569325713888
0.0925294912037734,0.0546591397769438,0.390723916215352,"Fibroblast","grid_299",441.093782276,262.2627343,0.107467801241045,85.8679511116265,7.94531782706928,4.69346834217017
0.0925294912037734,0.0546591397769438,0.390723916215352,"Tumor","grid_299",441.093782276,262.2627343,0.107467801241045,85.8679511116265,7.94531782706928,4.69346834217017
0.0925294912037734,0.0546591397769438,0.390723916215352,"Epithelial","grid_299",441.093782276,262.2627343,0.107467801241045,85.8679511116265,7.94531782706928,4.69346834217017
0.023200522980432,0.0741052062359081,0.318450386902301,"Fibroblast","grid_301",296.169894832,353.933473488,0.0776520821216793,118.838280325566,2.75711025364832,8.80653527224674
-0.0371321741169723,-0.0922647982577021,0.348537867893751,"Epithelial","grid_302",85.34110186,160.413457176,0.0994564796892973,92.7847027349898,-3.44529773734716,-8.56076187924469
-0.0730039299716836,-0.0390294381639002,0.351689004156474,"Fibroblast","grid_308",82.292802648,395.692541608,0.0827820683161528,111.473898765095,-8.13803269911755,-4.35076363874115
4.25785796604805e-18,-1.33642114595578e-17,0.506723656519366,"Fibroblast","grid_309",250.155987368,520.443529088,1.40261007551927e-17,657919122648798464,2.80132617738553,-8.79257027836531
4.25785796604805e-18,-1.33642114595578e-17,0.506723656519366,"Tumor","grid_309",250.155987368,520.443529088,1.40261007551927e-17,657919122648798464,2.80132617738553,-8.79257027836531
4.25785796604805e-18,-1.33642114595578e-17,0.506723656519366,"Epithelial","grid_309",250.155987368,520.443529088,1.40261007551927e-17,657919122648798464,2.80132617738553,-8.79257027836531
-0.000605606541349014,0.0919770633664819,0.357915854641858,"T","grid_314",174.489758716,123.45423874,0.0919790570989112,100.327620157233,-0.0607590630451995,9.22783987661015
0.0533178184606184,-0.112347667811179,0.592192962324347,"Fibroblast","grid_314",174.489758716,123.45423874,0.124357501695758,74.2057356991338,3.95648794474305,-8.33684134401042
0.0795230140644475,0.0360681822075454,0.329494841704083,"T","grid_316",385.093030168,271.881227128,0.0873202355336436,105.680428444155,8.40402619750139,3.81170094889525
0.154365604139174,0.0407510090420644,0.647119732458984,"Myeloid","grid_316",385.093030168,271.881227128,0.159653952281798,57.800259693866,8.92237200704477,2.3554189054184
0.0805383902666683,0.0367218853417785,0.338740556452208,"B/Plasma","grid_316",385.093030168,271.881227128,0.0885151352583325,104.253807850012,8.3964338634105,3.82839637831194
-0.0937972997313339,-0.0458272770963533,0.451051902988129,"Endothelial","grid_316",385.093030168,271.881227128,0.104393834889593,88.3964068644434,-8.29134426983714,-4.05096663169884
-0.0937972997313339,-0.0458272770963533,0.451051902988129,"Tumor","grid_316",385.093030168,271.881227128,0.104393834889593,88.3964068644434,-8.29134426983714,-4.05096663169884
-0.126832409007622,-0.0218865223986816,0.601440705601068,"Epithelial","grid_316",385.093030168,271.881227128,0.128706953337357,71.6980680822437,-9.09363869606345,-1.56922137302423
-0.112790051551412,-0.0201538838955803,0.456150859132583,"Fibroblast","grid_318",57.459124604,408.68258116,0.114576501801402,80.5404228437273,-9.08415844451651,-1.62320233089342
-4.20055354424631e-17,-2.34872629395147e-18,0.502001006751914,"Tumor","grid_318",57.459124604,408.68258116,4.20711483443455e-17,219343665818436800,-9.21364812861614,-0.515178235319466
-0.0780355141496296,-0.031305454278422,0.337993418337737,"T","grid_322",463.228719464,381.289233864,0.0840807524715105,109.752108916566,-8.56456224831034,-3.43583962764794
-0.0906014386960673,-0.030190908102301,0.457434316659865,"B/Plasma","grid_322",463.228719464,381.289233864,0.0954992755252039,96.6294231269279,-8.7547647556707,-2.91733003360344
0.0780355141496296,0.031305454278422,0.337993418337737,"Tumor","grid_322",463.228719464,381.289233864,0.0840807524715105,109.752108916566,8.56456224831034,3.43583962764794
0.0772447153256566,-0.117436953592619,0.663601498378408,"Myeloid","grid_324",518.218383424,338.33866038,0.140563807983623,65.6501843213808,5.07112979898195,-7.70975764949689
-0.0772447153256566,0.117436953592619,0.663601498378409,"Fibroblast","grid_324",518.218383424,338.33866038,0.140563807983623,65.6501843213808,-5.07112979898195,7.70975764949689
4.92873909863174e-17,-1.54201918139931e-17,0.50429310441666,"Tumor","grid_324",518.218383424,338.33866038,5.16432882940122e-17,178688077538818240,8.80706914224914,-2.75540443052224
4.92873909863174e-17,-1.54201918139931e-17,0.50429310441666,"Epithelial","grid_324",518.218383424,338.33866038,5.16432882940122e-17,178688077538818240,8.80706914224914,-2.75540443052224
0.0992411430199677,-0.0490002202012625,0.457146879300694,"T","grid_325",327.746666324,234.42962004,0.110678932266633,83.3766617915056,8.27439521737828,-4.08547478742996
0.0992411430199677,-0.0490002202012625,0.457146879300694,"B/Plasma","grid_325",327.746666324,234.42962004,0.110678932266633,83.3766617915056,8.27439521737828,-4.08547478742996
-0.0992411430199676,0.0490002202012625,0.457146879300694,"Endothelial","grid_325",327.746666324,234.42962004,0.110678932266633,83.3766617915057,-8.27439521737828,4.08547478742996
-0.0992411430199676,0.0490002202012625,0.457146879300694,"Tumor","grid_325",327.746666324,234.42962004,0.110678932266633,83.3766617915057,-8.27439521737828,4.08547478742996
0.0628142345113457,0.0658330570206789,0.450253802528533,"T","grid_326",381.26292302,294.087579464,0.0909924142658842,101.415485867594,6.37033611236909,6.67649146390115
0.0635155059615311,0.0656398095676011,0.454667724414468,"B/Plasma","grid_326",381.26292302,294.087579464,0.0913389516998101,101.030718344222,6.4170171932902,6.63163711259267
-0.075147079459014,-0.0611876462262221,0.505409774562291,"Endothelial","grid_326",381.26292302,294.087579464,0.0969072319382031,95.2255029730355,-7.15591843843928,-5.82662438762816
-0.075147079459014,-0.0611876462262221,0.505409774562291,"Tumor","grid_326",381.26292302,294.087579464,0.0969072319382031,95.2255029730355,-7.15591843843928,-5.82662438762816
0.0266650824420343,-0.117396275823906,0.5084602176808,"T","grid_327",222.247699268,330.806241612,0.120386511698625,76.6534371071522,2.0439702199275,-8.99882804548171
0.0417656818378419,-0.112878665264498,0.491822605366231,"B/Plasma","grid_327",222.247699268,330.806241612,0.120357655557403,76.6718150191854,3.20225063202117,-8.65461214277212
-0.0462319393874874,0.12877816933852,0.492783608816528,"Tumor","grid_327",222.247699268,330.806241612,0.136825469550478,67.4438752767121,-3.11806115385021,8.68529879123043
-0.0708874712778685,0.0379449785848256,0.303293567864185,"T","grid_329",424.22477258,251.09941906,0.0804043219234731,114.770446193465,-8.13578670808739,4.3549621229819
-0.070310162693549,0.0387772962883493,0.30363344133969,"B/Plasma","grid_329",424.22477258,251.09941906,0.0802944436771796,114.927502831216,-8.08057142202614,4.45657782896618
0.0663483864336278,-0.0484873673859515,0.30975367788861,"Tumor","grid_329",424.22477258,251.09941906,0.0821774493298876,112.294065808682,7.45053007247765,-5.44484362412777
0.0305652438030059,-0.0909427500069905,0.344719219782412,"Epithelial","grid_329",424.22477258,251.09941906,0.0959417422583682,96.1837849284534,2.93988083623406,-8.74721790747448
-0.0176284961893648,-0.101672772706134,0.378335097780194,"Fibroblast","grid_332",517.955274984,416.767527652,0.103189711636634,89.4279066844868,-1.57647951221035,-9.0923832299172
-0.105134792548635,-0.0169146441484035,0.438871463163734,"Fibroblast","grid_333",79.379816348,369.543321364,0.106486758758597,86.6590363968139,-9.11087981404364,-1.46580676289565
0.0842949402996709,0.040603796597748,0.348972578044521,"T","grid_335",159.173088816,208.370608404,0.0935644444128023,98.6276353261533,8.3138106317158,4.0046564437
0.0278762293176857,0.0845357810627124,0.334080633424931,"B/Plasma","grid_337",207.457246248,260.169142856,0.0890133834929054,103.670252055698,2.88993571972691,8.76384573049669
6.63959995081622e-18,-1.18606578233181e-17,0.506837899487894,"Epithelial","grid_341",427.205415336,148.490886152,1.3592626365376e-17,678900431379930112,4.50762727079929,-8.0522057127004
0.0021606774549412,-0.0830535091465205,0.380515128331874,"T","grid_345",360.62770394,398.594251832,0.0830816099303297,111.071991873754,0.239990748717033,-9.2249186930091
0.0821112998885266,-0.0408806976108537,0.33292616806352,"T","grid_346",184.96523332,247.017479548,0.0917251165523032,100.60537669394,8.26083825611428,-4.11281798265099
-2.65888746138534e-18,1.05347007641358e-17,0.506978748887138,"Fibroblast","grid_350",289.614735984,514.69648902,1.08650634016648e-17,849331436172388352,-2.25827670619917,8.94745252964981
-2.65888746138534e-18,1.05347007641358e-17,0.506978748887138,"Tumor","grid_350",289.614735984,514.69648902,1.08650634016648e-17,849331436172388352,-2.25827670619917,8.94745252964981
-2.65888746138534e-18,1.05347007641358e-17,0.506978748887138,"Epithelial","grid_350",289.614735984,514.69648902,1.08650634016648e-17,849331436172388352,-2.25827670619917,8.94745252964981
-0.0967455162980653,0.0362386960426345,0.401249378051217,"Fibroblast","grid_352",469.520769872,521.183991412,0.103309912470439,89.3238575309077,-8.6416827145625,3.23698012241816
-0.0500425780796594,0.102881453843821,0.473011943460785,"Fibroblast","grid_358",151.407631144,60.631460652,0.114406525888504,80.6600832546322,-4.03643851418176,8.29842663240018
0.0500425780796595,-0.102881453843821,0.473011943460785,"Endothelial","grid_358",151.407631144,60.631460652,0.114406525888504,80.6600832546322,4.03643851418176,-8.29842663240018
1.07659873108455e-17,-3.93311790087361e-17,0.501350130888943,"Tumor","grid_358",151.407631144,60.631460652,4.07780348348781e-17,226299279511800064,2.43633517167752,-8.90061747202662
1.07659873108455e-17,-3.93311790087361e-17,0.501350130888943,"Epithelial","grid_358",151.407631144,60.631460652,4.07780348348781e-17,226299279511800064,2.43633517167752,-8.90061747202662
-4.11637996764839e-18,-1.33980750790901e-17,0.506723626970825,"Tumor","grid_361",466.137947072,410.058262432,1.40161692292506e-17,658385308575030400,-2.71016409521226,-8.82109579525814
-4.11637996764839e-18,-1.33980750790901e-17,0.506723626970825,"Epithelial","grid_361",466.137947072,410.058262432,1.40161692292506e-17,658385308575030400,-2.71016409521226,-8.82109579525814
0.021056238870732,-0.0871193077460139,0.351525464040846,"Myeloid","grid_363",391.460254416,164.709642132,0.0896277801662297,102.959594513275,2.16794181610524,-8.96976859980685
0.0844087580703928,0.0681397806428167,0.584523755907601,"Fibroblast","grid_365",81.931968216,502.886678756,0.108479805240594,85.0668922438918,7.18039072721483,5.79643937746491
0.050858620495358,0.0652004534436404,0.408426345507507,"T","grid_366",139.330953748,299.81206738,0.0826903767553829,111.597507051379,5.67569525935411,7.27620806292974
0.050858620495358,0.0652004534436404,0.408426345507507,"B/Plasma","grid_366",139.330953748,299.81206738,0.0826903767553829,111.597507051379,5.67569525935411,7.27620806292974
-0.0356621211236053,-0.0838075987596502,0.348304702908433,"Fibroblast","grid_366",139.330953748,299.81206738,0.0910796381903948,101.318363647312,-3.61322775643592,-8.49124876753823
-0.050858620495358,-0.0652004534436404,0.408426345507507,"Tumor","grid_366",139.330953748,299.81206738,0.0826903767553829,111.597507051379,-5.67569525935411,-7.27620806292974
-1.33658872122885e-17,3.39425576778453e-18,0.506726173534145,"Epithelial","grid_366",139.330953748,299.81206738,1.37901382585076e-17,669176750084205952,-8.94414096671126,2.27135704364062
-1.05970420202627e-17,3.29971319091447e-18,0.506979316669015,"Epithelial","grid_369",141.85303608,333.15166542,1.10988921393763e-17,831437929764276096,-8.81078267895226,2.7435067042698
-0.0486139056763198,0.103358269656443,0.508276538782727,"T","grid_370",378.455180096,123.488066968,0.114220154664053,80.7916950400018,-3.92759984210464,8.35048980194564
-0.0486139056763198,0.103358269656443,0.508276538782727,"B/Plasma","grid_370",378.455180096,123.488066968,0.114220154664053,80.7916950400018,-3.92759984210464,8.35048980194564
0.0486139056763198,-0.103358269656443,0.508276538782727,"Tumor","grid_370",378.455180096,123.488066968,0.114220154664053,80.7916950400019,3.92759984210465,-8.35048980194564
0.0324585601139965,-0.0823695076320229,0.421237988161831,"Endothelial","grid_372",287.024997196,280.045106152,0.0885341398118025,104.231428945445,3.38320210219349,-8.58549148201849
0.051234937423604,0.0487932593932792,0.31918977177773,"Endothelial","grid_373",297.459126188,304.916371116,0.0707516853157609,130.428552505227,6.68249872585655,6.36403419467747
0.0929008212840865,0.00718796484039075,0.318620489296436,"T","grid_375",273.20052802,146.667920532,0.0931784816028061,99.0361695565782,9.20054148863615,0.711868504699661
-0.0929008212840865,-0.00718796484039075,0.318620489296436,"Tumor","grid_375",273.20052802,146.667920532,0.0931784816028061,99.0361695565782,-9.20054148863615,-0.711868504699661
2.72195843942814e-18,-1.05531976352364e-17,0.50698041267538,"Tumor","grid_377",265.600452796,506.773166284,1.08985796356375e-17,846719500297545600,2.30473528966328,-8.93559822824859
2.72195843942814e-18,-1.05531976352364e-17,0.50698041267538,"Epithelial","grid_377",265.600452796,506.773166284,1.08985796356375e-17,846719500297545600,2.30473528966328,-8.93559822824859
0.120092644662866,-0.0330316106044078,0.631906260544766,"Myeloid","grid_378",474.399552088,299.627891472,0.124552521456784,74.0895470850973,8.89760965132329,-2.44729706917187
-0.120092644662866,0.0330316106044078,0.631906260544766,"Fibroblast","grid_378",474.399552088,299.627891472,0.124552521456784,74.0895470850973,-8.89760965132329,2.44729706917187
-2.68331433484243e-18,1.0518502483733e-17,0.506978291618265,"Tumor","grid_378",474.399552088,299.627891472,1.08553705749674e-17,850089809399964032,-2.28105817146639,8.94167177156962
-2.68331433484243e-18,1.0518502483733e-17,0.506978291618265,"Epithelial","grid_378",474.399552088,299.627891472,1.08553705749674e-17,850089809399964032,-2.28105817146639,8.94167177156962
0.110567041998271,-0.0239052063612479,0.543694231984072,"Fibroblast","grid_379",419.830861632,330.167263972,0.113121747102055,81.5761791118269,9.01963682191583,-1.95009539583035
-0.0591017748365466,0.0635991654884626,0.386579668906985,"Endothelial","grid_379",419.830861632,330.167263972,0.0868209285809517,106.28819633547,-6.2818210476016,6.75984058820976
6.32296045539358e-18,-1.03957206390896e-17,0.50674846214435,"Epithelial","grid_379",419.830861632,330.167263972,1.21676142495751e-17,758409965483762048,4.79539622073023,-7.88421813107075
2.35030353433137e-17,-4.76950159656102e-17,0.504385720640014,"Epithelial","grid_380",369.186245624,87.509867144,5.31714887727329e-17,173552407804166464,4.07900837453851,-8.27758486108981
0.111339433400017,-0.0574364747814944,0.567197259679977,"T","grid_386",270.280024336,121.81920772,0.125281355616716,73.6585253058095,8.20109847262965,-4.23068603116919
0.0785085322731896,-0.0411950706839185,0.354284532876035,"Myeloid","grid_386",270.280024336,121.81920772,0.0886601572767807,104.083279191935,8.1714254835394,-4.28771804332577
0.111339433400017,-0.0574364747814944,0.567197259679977,"B/Plasma","grid_386",270.280024336,121.81920772,0.125281355616716,73.6585253058095,8.20109847262965,-4.23068603116919
-0.10929132099269,0.0566743833447858,0.539602788147742,"Endothelial","grid_386",270.280024336,121.81920772,0.123112056971846,74.9564269334754,-8.19208691645158,4.24810927418321
-0.111339433400017,0.0574364747814943,0.567197259679978,"Tumor","grid_386",270.280024336,121.81920772,0.125281355616716,73.6585253058095,-8.20109847262965,4.23068603116919
-0.0805566446805167,0.041957162120627,0.392237421712482,"Epithelial","grid_386",270.280024336,121.81920772,0.090828280042064,101.598752049101,-8.18445456880338,4.26279531097753
1.03772963237777e-17,3.93603855450507e-17,0.50134541393481,"Fibroblast","grid_393",239.93610382,543.285100372,4.07053832956592e-17,226703181640942368,2.35256609343126,8.92312463367716
1.03772963237777e-17,3.93603855450507e-17,0.50134541393481,"Tumor","grid_393",239.93610382,543.285100372,4.07053832956592e-17,226703181640942368,2.35256609343126,8.92312463367716
1.03772963237777e-17,3.93603855450507e-17,0.50134541393481,"Epithelial","grid_393",239.93610382,543.285100372,4.07053832956592e-17,226703181640942368,2.35256609343126,8.92312463367716
-0.0171046049080627,0.119831918853619,0.593500017739451,"Fibroblast","grid_394",173.948507068,60.710393184,0.121046504638512,76.2354925538597,-1.30397798010532,9.13544535747979
0.00812000296574365,-0.125279765039026,0.619288271189814,"Endothelial","grid_394",173.948507068,60.710393184,0.12554263808124,73.505225348765,0.596862647829627,-9.20871736083394
1.08072208717599e-17,-3.93384367025948e-17,0.501353425797087,"Epithelial","grid_394",173.948507068,60.710393184,4.0795938831887e-17,226199964194160704,2.44459297423049,-8.89835297358121
0.0417338996292608,0.0858955818243096,0.352822540659117,"Myeloid","grid_396",406.63409402,233.388462356,0.0954974835019325,96.6312363912004,4.03279832060173,8.30019627222456
-0.00494012180859509,-0.10324827637187,0.435853453409999,"Epithelial","grid_396",406.63409402,233.388462356,0.103366393848513,89.2750492637289,-0.441029617831148,-9.21749495949383
0.0258729300012789,-0.107607877447594,0.415231327882963,"T","grid_397",175.30539488,326.074048384,0.110674585138719,83.3799366988694,2.15728326572091,-8.97233800988009
-0.0258729300012789,0.107607877447594,0.415231327882963,"Tumor","grid_397",175.30539488,326.074048384,0.110674585138719,83.3799366988694,-2.15728326572091,8.97233800988009
-1.07626011280092e-17,3.94488124685865e-17,0.501371220015192,"Tumor","grid_404",292.531480976,542.157492772,4.08906149161679e-17,225676232112403328,-2.42886327029782,8.9026593592194
-1.07626011280092e-17,3.94488124685865e-17,0.501371220015192,"Epithelial","grid_404",292.531480976,542.157492772,4.08906149161679e-17,225676232112403328,-2.42886327029782,8.9026593592194
0.0553831230902476,-0.0862970004387126,0.403258806127534,"Epithelial","grid_406",61.131366688,98.240932804,0.10254005367635,89.994490661832,4.98417595376838,-7.76625460012583
0.00682191828783121,-0.0991732884464293,0.406224544112569,"T","grid_407",193.302012176,337.898893416,0.099407644124607,92.8302846758213,0.633280616694562,-9.20628459871937
0.00655944910276232,0.107358684854174,0.377084881613757,"Tumor","grid_407",193.302012176,337.898893416,0.107558884273451,85.7952363988753,0.562769486417884,9.21086374653623
-0.0267676817697774,-0.0663842796922055,0.320466677966787,"Epithelial","grid_408",237.891375372,370.073296936,0.0715777994742856,128.923213214388,-3.45097554405988,-8.55847464484175
-0.0376646586577021,-0.0814218307166418,0.37015547919997,"Endothelial","grid_409",228.186432628,350.434131236,0.0897114319864012,102.863589385563,-3.87432198251325,-8.37534176185743
0.0344638822702012,-0.0468626651393845,0.340973995860698,"Myeloid","grid_410",518.128174816,365.788388056,0.0581710285717931,158.636354377867,5.46722464105273,-7.43412235414271
-1.33588269898402e-17,3.39307869510673e-18,0.506725747633138,"Epithelial","grid_411",455.207670736,197.601955824,1.37830055349212e-17,669523049937071104,-8.94404258981946,2.27174439662435
-0.0228404584218348,-0.0942515474202807,0.399510854291132,"B/Plasma","grid_413",200.383387904,464.720920188,0.0969795892548375,95.1544543954613,-2.17337135927191,-8.96845457070476
0.00011162704848471,0.120385649840479,0.351605575803656,"Fibroblast","grid_413",200.383387904,464.720920188,0.120385701593306,76.65395292719,0.00855665451994811,9.22803593598128
-0.0951272404718361,0.00569747388158014,0.359795661984762,"T","grid_415",212.211991628,186.983650924,0.0952977076766163,96.8338077381093,-9.21153291450666,0.551708090441831
0.0951272404718361,-0.00569747388158016,0.359795661984761,"Endothelial","grid_415",212.211991628,186.983650924,0.0952977076766163,96.8338077381093,9.21153291450666,-0.551708090441832
-5.13757880715127e-18,5.05991354391272e-18,0.506960869617391,"Epithelial","grid_416",449.355387292,150.524338524,7.2109251189817e-18,1279730374504727808,-6.57471565092325,6.47532505451297
6.53944811903988e-18,3.97346184017752e-18,0.506984300970116,"Fibroblast","grid_417",279.417404588,531.001694916,7.65197887457625e-18,1205967770467876096,7.88636366820887,4.79186691643807
6.53944811903988e-18,3.97346184017752e-18,0.506984300970116,"Tumor","grid_417",279.417404588,531.001694916,7.65197887457625e-18,1205967770467876096,7.88636366820887,4.79186691643807
6.53944811903988e-18,3.97346184017752e-18,0.506984300970116,"Epithelial","grid_417",279.417404588,531.001694916,7.65197887457625e-18,1205967770467876096,7.88636366820887,4.79186691643807
-0.0357000898743572,-0.0833249447643394,0.318491900016238,"Epithelial","grid_418",60.541252044,161.635032076,0.0906506637428397,101.797819475634,-3.63419130429373,-8.4822976849374
6.59196190214036e-18,1.18837795155318e-17,0.506838192752846,"Tumor","grid_419",111.2572832,271.610601304,1.35896349212568e-17,679049875622897024,4.47627090975929,8.06967900195177
6.59196190214036e-18,1.18837795155318e-17,0.506838192752846,"Epithelial","grid_419",111.2572832,271.610601304,1.35896349212568e-17,679049875622897024,4.47627090975929,8.06967900195177
0.0488889313205986,-0.049954313152169,0.389807990279658,"Myeloid","grid_420",501.262923812,353.313289308,0.069896788253647,132.023804435084,6.45450270771098,-6.59515847029093
-0.0488889313205986,0.049954313152169,0.389807990279658,"Fibroblast","grid_420",501.262923812,353.313289308,0.069896788253647,132.023804435084,-6.45450270771098,6.59515847029093
8.9501089947763e-18,6.66623692356122e-18,0.507106083735519,"Tumor","grid_420",501.262923812,353.313289308,1.11598909376134e-17,826893376882179072,7.40078585015414,5.5122671608202
8.9501089947763e-18,6.66623692356122e-18,0.507106083735519,"Epithelial","grid_420",501.262923812,353.313289308,1.11598909376134e-17,826893376882179072,7.40078585015414,5.5122671608202
0.0991098899357794,0.00189140975670058,0.377126767839831,"Fibroblast","grid_421",430.054503872,192.944936436,0.0991279360924561,93.0922227053437,9.22635994620368,0.176075538297831
1.00603152672608e-17,-1.0208918379898e-17,0.506729466419725,"Epithelial","grid_421",430.054503872,192.944936436,1.43328977448421e-17,643836303538886912,6.47719619410902,-6.57287227284375
0.0974417825635848,0.0344176163956966,0.388354771067248,"T","grid_423",183.394100064,267.930841836,0.103341537183895,89.2965225262603,8.7012123316881,3.07337345777851
0.0949410067172781,0.0532867347752553,0.417850349658898,"B/Plasma","grid_423",183.394100064,267.930841836,0.108872727804068,84.7598851353039,8.04718882398661,4.51657751878604
-0.0800597833203943,-0.00800197730977821,0.420786852234663,"Fibroblast","grid_423",183.394100064,267.930841836,0.080458688444286,114.692894968453,-9.18228831956311,-0.917769943130338
-0.0937649063518257,-0.0639067638711439,0.341732029908101,"Tumor","grid_423",183.394100064,267.930841836,0.113472164567566,81.3242607841965,-7.62536169656164,-5.19717033093098
0.126103772588405,-0.0897247182385552,0.49512299063338,"Myeloid","grid_424",471.982713132,124.457809504,0.154766554927142,59.6255431761997,7.51900593715158,-5.34988506130532
-0.126103772588404,0.0897247182385551,0.49512299063338,"Fibroblast","grid_424",471.982713132,124.457809504,0.154766554927142,59.6255431761997,-7.51900593715158,5.34988506130532
4.25870491022236e-17,-3.89757148203719e-17,0.501839271462556,"Tumor","grid_424",471.982713132,124.457809504,5.77300883161819e-17,159848012920038528,6.80745517511855,-6.23019056617454
4.25870491022236e-17,-3.89757148203719e-17,0.501839271462556,"Epithelial","grid_424",471.982713132,124.457809504,5.77300883161819e-17,159848012920038528,6.80745517511855,-6.23019056617454
-0.0417005535235135,-0.0864934856653853,0.416173098779606,"T","grid_426",447.419660912,391.697052012,0.0960211394783234,96.1042532214817,-4.00760055529969,-8.31239184839479
-0.0476578386076495,-0.0982523495355371,0.513665213029774,"B/Plasma","grid_426",447.419660912,391.697052012,0.10920070407285,84.5053150654029,-4.02734066687554,-8.30284575341666
0.041332584185398,0.0869933736726132,0.417545604217234,"Tumor","grid_426",447.419660912,391.697052012,0.0963131848626445,95.8128413695428,3.96019233194881,8.33508231189545
-0.0920748104208099,0.080899827449856,0.567325164590236,"Fibroblast","grid_427",126.513814028,538.981398032,0.122566523959214,75.2900515161121,-6.93231721991903,6.09095217634424
0.0794911773855898,0.0648106182725566,0.388478714961211,"T","grid_428",240.0864515,53.087765808,0.102563460954759,89.9739519038903,7.15213537087467,5.8312674513164
0.0794911773855898,0.0648106182725566,0.388478714961211,"B/Plasma","grid_428",240.0864515,53.087765808,0.102563460954759,89.9739519038903,7.15213537087467,5.8312674513164
-0.0892094122444689,-0.0528683907105093,0.395904548236184,"Endothelial","grid_428",240.0864515,53.087765808,0.10369853407509,88.989106599692,-7.93866589591891,-4.70471085669168
-0.0794911773855898,-0.0648106182725566,0.388478714961211,"Tumor","grid_428",240.0864515,53.087765808,0.102563460954759,89.9739519038902,-7.15213537087466,-5.8312674513164
0.00566612765451713,-0.0998830259904292,0.35443903327113,"Myeloid","grid_431",56.970494644,331.557980012,0.100043609908889,92.240173174919,0.522644596083858,-9.21322761459212
0.00082170295091062,0.0943612323825543,0.327382106319072,"Fibroblast","grid_431",56.970494644,331.557980012,0.0943648100326279,97.7911140800186,0.0803552470123884,9.22769004065352
-0.106077156335826,0.0764942610018829,0.574414125808184,"Fibroblast","grid_432",125.46513896,514.797973704,0.130781248894937,70.5608791857716,-7.48489741258246,5.39750230895874
-1.33065238889004e-17,3.36415272166184e-18,0.506722184543918,"Tumor","grid_433",228.35933246,522.98440488,1.37251995082236e-17,672342860845916416,-8.94654633937779,2.2618640652047
-1.33065238889004e-17,3.36415272166184e-18,0.506722184543918,"Epithelial","grid_433",228.35933246,522.98440488,1.37251995082236e-17,672342860845916416,-8.94654633937779,2.2618640652047
0.12691053124623,0.0326540106422144,0.452578185313624,"Myeloid","grid_434",478.071794172,212.708138972,0.13104414276198,70.4193236610447,8.93695377582339,2.29947334424529
-0.132861354695709,-0.00324842367741187,0.624730484300005,"Fibroblast","grid_434",478.071794172,212.708138972,0.132901060296624,69.4354121964397,-9.22528292827394,-0.225555637029767
0.140742989993895,0.00433500008846925,0.393298921648348,"Fibroblast","grid_439",219.323436892,419.034018928,0.140809734955324,65.5355249831829,9.22366573695276,0.284096506599977
2.60964505203105e-18,1.0609944010517e-17,0.506981845842273,"Epithelial","grid_440",300.28190388,246.754371108,1.09261685509558e-17,844581507232264064,2.2040579513856,8.96096250405236
0.106703110657343,0.0277105671335885,0.437293844462766,"T","grid_441",183.664725888,186.885924932,0.110242593197086,83.7066657761085,8.93176162106532,2.31955918151771
-0.0834899440355753,0.0771016402074481,0.54148602809164,"Fibroblast","grid_442",199.04153486,82.364217796,0.113645209655939,81.2004301015232,-6.77941936484081,6.26068634637768
0.00444154518789636,-0.124766050486863,0.586269624873894,"Endothelial","grid_442",199.04153486,82.364217796,0.124845082713523,73.9159260618634,0.328300925708973,-9.22219816281765
-1.33229713214734e-17,-3.44727521832017e-18,0.506724193745991,"Tumor","grid_443",428.3969207,126.923511456,1.3761732131663e-17,670558023855740928,-8.93382532121389,-2.31159805808364
-1.33229713214734e-17,-3.44727521832017e-18,0.506724193745991,"Epithelial","grid_443",428.3969207,126.923511456,1.3761732131663e-17,670558023855740928,-8.93382532121389,-2.31159805808364
0.0433769968861272,-0.0605457718035674,0.346572720175228,"Endothelial","grid_444",258.207105632,359.68803094,0.0744805635192749,123.898631629605,5.37435055839277,-7.5015382774203
