"X","Y","vx","vy","R_squared","Assignment","qsum","sf","vx.u","vy.u"
434.339412752,371.392597828,-1.00913952202173e-17,1.01356133241787e-17,0.506727618147398,"Epithelial",1.43026890810047e-17,645196148135225600,-6.51092932539441,6.53945867574814
217.132119456,64.127044212,-0.059298845544619,-0.108050943267126,0.533182917225091,"Endothelial",0.123253232914355,74.8705708145789,-4.43973841457117,-8.0898357994634
124.972750308,437.673372556,-0.0246868030681006,0.0159421436758931,0.126401216717305,"Fibroblast",0.0293869050889337,314.018773842061,-7.75211962952539,5.00613240951792
402.473221976,130.10712358,-0.0587403273144468,0.0628369322375082,0.399970840514725,"T",0.0860168943058836,107.281714569051,-6.3017630286411,6.74125382869913
76.515693044,326.393537204,0.0554437555216325,0.0688233882935154,0.321429938606125,"Fibroblast",0.0883779882241192,104.415591353341,5.78919251964132,7.18623478760801
103.089645484,354.591244588,0.074856414856858,0.0891157035817934,0.553196246047286,"B/Plasma",0.116383381417194,79.2900136657885,5.9353661569722,7.06598535483676
203.942869228,523.555726064,0.0360227633232614,0.0621809668190509,0.259531183372348,"Fibroblast",0.0718617569503809,128.413780773712,4.62581923225661,7.98489304139908
60.311971832,453.140390136,-0.111754126414026,-0.042252665513924,0.58016832255387,"Fibroblast",0.119474986978839,77.2382582864349,-8.63169408054146,-3.26352229225481
419.838379016,438.011654836,0.0102418110689283,0.0458637891176133,0.145616496119589,"Fibroblast",0.0469934234355886,196.368751803928,2.0111716558171,9.00621502202431
487.788012992,338.891188104,2.53901895592515e-18,1.05813696772359e-17,0.506979604750411,"Tumor",1.08817278731309e-17,848030754915843328,2.15316616193884,8.97332691542998
518.037966208,391.930090916,0.0251798054404689,0.0385346915578772,0.135331342992847,"Endothelial",0.0460320003419426,200.470104155604,5.04779821926863,7.7250536302117
153.93723086,314.888180992,-1.32883559189635e-17,-3.47238268650816e-18,0.506722532965409,"Epithelial",1.37345493027844e-17,671885163437378048,-8.92824918842686,-2.33304240884166
210.821275588,376.523212408,0.00935244382812072,-0.059167668697966,0.230775004169116,"Fibroblast",0.0599022639364358,154.051605008321,1.44075898247216,-9.11487432752226
347.5850427,478.289798308,-0.0155552936227917,-0.0751836611554868,0.164363863750396,"Myeloid",0.076775973223622,120.19437221801,-1.86965875165826,-9.03665295363533
123.976696928,287.344486016,-1.34250665373758e-17,3.40659371206128e-18,0.506729984210471,"Tumor",1.38505340060239e-17,666258780999096320,-8.94456846602379,2.26967297395714
58.500282288,432.86976418,-0.117033110564963,-0.00357506861386633,0.52285047247773,"Fibroblast",0.117087702531498,78.8130581053764,-9.22373734320935,-0.281762090395354
336.613420752,278.902463784,0.0524434377785067,-0.0694917360177813,0.258856725406716,"Endothelial",0.0870598388511782,105.996519460765,5.55882187307892,-7.36588214917113
514.6589021,501.725242928,0.0497971923288375,0.0705197887902148,0.267563165806545,"Fibroblast",0.0863296065950247,106.893107324456,5.32297662406298,7.53807935165037
392.336029652,463.405377988,0.0330562148967539,0.0308188687909325,0.0618847888002245,"Fibroblast",0.0451942033545574,204.186360596827,6.74962821487481,6.29279265613166
128.870513912,60.556286812,0.0351069342647159,-0.120828227670934,0.561473198160963,"Endothelial",0.125825106539062,73.3402113208243,2.57474997780055,-8.86156775090698
277.680888884,488.509681856,0.0178769005192784,0.0163395512177703,0.134759388078045,"Epithelial",0.0242190938347065,381.023334977795,6.81151625492173,6.22575029703534
482.431876892,145.412517404,5.23684269999466e-17,-4.96813000396838e-18,0.505119122716399,"Tumor",5.26035594060428e-17,175426150002692512,9.18679153029769,-0.871539919309035
323.168579468,477.553094676,0.059621227930998,-0.0864975372454681,0.349774490612278,"Myeloid",0.105054817926315,87.8402350810082,5.23714267727724,-7.59796400557017
480.026314012,189.847774228,-0.136902483676037,0.021603623507726,0.619434310023983,"Fibroblast",0.138596560510465,66.58202677651,-9.11524483388861,1.43841303886105
85.825973128,461.067471564,0.0121536336032613,-0.0872085822500803,0.315372973113281,"Myeloid",0.088051391969868,104.802884958343,1.27373586434844,-9.13971101293532
126.036460144,343.555724876,0.0424114428185444,0.0936610063370713,0.391215918598221,"B/Plasma",0.10281592576067,89.7530206022812,3.80655510106528,8.40635823140154
58.376245452,472.087956508,-0.0600402241964518,-0.0196061306843327,0.189905462524079,"Fibroblast",0.063160342636589,146.104969001453,-8.77217509506289,-2.86455311587286
428.588613992,519.086641276,-0.00569595041296117,0.0196462015492658,0.0654378266686038,"Tumor",0.0204552459389098,451.133168019579,-2.5696321546816,8.86305314447143
244.018043332,112.580342784,0.027834622095789,0.0115395600174819,0.0410743104864396,"Tumor",0.0301318375246591,306.255464688738,8.52450512438126,3.53405331545749
112.174404048,221.939486524,0.0532134937494649,0.0460214521068521,0.259837548888987,"Epithelial",0.070353748805928,131.166285516579,6.97981631447698,6.0364629269349
501.39071934,203.64593256,-0.111843311444311,0.0175290452895874,0.487995688214175,"Fibroblast",0.113208629280605,81.5135733175153,-9.1167479674895,1.42885511839883
134.59876052,479.53392536,-0.011552757934643,-0.0419010257902148,0.15620878710721,"Epithelial",0.0434644933039453,212.312147262565,-2.45279084390869,-8.89609675802462
246.239430304,457.034395048,0.0847458935241181,-0.0305378845671992,0.156542979246756,"Fibroblast",0.0900801246837545,102.442574712646,8.68158752893443,-3.12837952134147
266.701749552,403.510620968,0.0163238142253729,-0.0519686006741912,0.247794160042747,"B/Plasma",0.0544720328875106,169.408766551759,2.76539723334047,-8.80393653963563
285.765835376,208.145086884,-0.050085167247628,0.0854679196200836,0.346551848004945,"Endothelial",0.0990620475379342,93.1541405855383,-4.66564071103574,7.96169059984275
136.286413228,201.10881546,0.0074374862726396,-0.0617386871163192,0.229981082601851,"T",0.0621850600136597,148.396413881613,1.10369629115344,-9.16179976582072
449.874086788,109.347867664,0.137974387982686,-0.0396038933634849,0.658657720700612,"Myeloid",0.143545811881583,64.2863750748268,8.8698732565746,-2.54599074318844
158.582974172,384.841197804,0.0359667058998774,-0.0116231945942886,0.0547106532411902,"B/Plasma",0.0377981823090076,244.139779728003,8.78090365593792,-2.83768416798533
108.1563623,300.35707772,-1.06575013878105e-17,3.2326131676368e-18,0.506981371367504,"Epithelial",1.11369710299866e-17,828595125029349120,-8.83075369493329,2.67852751180954
514.046235304,461.199025784,-0.00758231891817826,0.0969405322570683,0.216183524719219,"Myeloid",0.0972366101551297,94.9029371583166,-0.719584335806187,9.19994124088632
391.26104374,335.297878552,-0.0226784962413091,-0.00809975129568445,0.0694759400359622,"Myeloid",0.0240815315712895,383.199875627589,-8.6903969390904,-3.10382368912068
402.59350012,318.346177632,0.00157164422813196,-0.109704792954964,0.465140052764375,"Myeloid",0.109716050160728,84.1083860521907,0.13218845947642,-9.22709307763175
379.89100044,143.100921824,0.077032636577069,0.015010152278756,0.260582070925509,"Myeloid",0.0784814103431267,117.582493264256,9.05768947145109,1.76493112921228
477.981585564,240.165384032,-0.0525860177321783,0.0101885504499669,0.256918984721067,"B/Plasma",0.0535639414270504,172.280822829437,-9.05956240422303,1.75529185495952
314.6025204,344.190943824,0.044088638218048,-0.0898166778815243,0.357471604920405,"Endothelial",0.10005420353786,92.2304068868851,4.06631304193924,-8.28382874624128
451.114455148,298.244692816,-0.0645074338006431,-0.0258961391275989,0.354013224716833,"T",0.0695112871213037,132.755992374824,-8.56374838975765,-3.43786764856091
336.605903368,393.283220036,-0.075179203992766,0.0526491244294421,0.276399842437204,"Myeloid",0.0917814960445339,100.543576872645,-7.55878607587096,5.29353128934909
371.990229856,481.635034188,-0.00588807489308327,-0.0607583847367374,0.108116056566774,"Myeloid",0.0610430236944728,151.172719576071,-0.890116294654983,-9.18501025770185
77.338846592,417.248640228,-0.0719020273795043,-0.0245611360721672,0.345730580937795,"Fibroblast",0.0759812539146236,121.451534787898,-8.73261157960225,-2.98298767209911
249.637287872,339.398611524,0.0208045951848612,0.108054759129099,0.345492154425969,"Tumor",0.110039366370647,83.861259905451,1.74469956402534,9.06160823934628
427.866945128,396.86149482,0.0126652764700038,0.114679740798534,0.529182351223636,"Tumor",0.115377000210963,79.9816244673274,1.01298938639873,9.17227196255879
263.232476836,542.056008088,1.0411510504071e-17,3.93517130109308e-17,0.501345950649907,"Fibroblast",4.0705735073464e-17,226701222478494080,2.36030215912058,8.92108144620086
459.413647084,176.049615896,1.93521574264664e-17,5.02865446340532e-18,0.495041653178145,"Epithelial",1.99948334019333e-17,461521219884120960,8.93143130285233,2.32083074232655
146.622816228,142.969367604,-0.058069381421856,0.0550406497555144,0.338115764913066,"Fibroblast",0.0800095380828199,115.33674764486,-6.69753359094572,6.34820953106089
306.250706776,146.7769226,-0.0324291705132934,-0.0307983722575558,0.138683068985708,"Endothelial",0.044723493086914,206.33540151049,-6.69128591851252,-6.35479450563231
122.593498272,365.115582188,-0.00416566662425339,0.0224316735452383,0.111428422890136,"Fibroblast",0.0228151869697481,404.469177275468,-1.68488375231565,9.07292054375444
233.392221048,255.681264608,1.33049099542571e-17,3.50687986379783e-18,0.50672407687778,"Epithelial",1.37593181251834e-17,670675670050110592,8.92327939852776,2.35197900243785
57.391468148,204.762264084,-0.0183090379012698,0.0492055010936695,0.144383096249551,"B/Plasma",0.0525014495680761,175.767335548982,-3.21813080837152,8.64871982158681
255.448225704,62.93929754,-0.0688163805428302,-0.0118372010692017,0.20964110023017,"Endothelial",0.0698270260011718,132.155705770501,-9.09447733920911,-1.56435366164768
259.616615132,276.684835504,0.00381484995420214,-0.00957365057336878,0.0478133763838188,"Myeloid",0.0103057200366612,895.428933661354,3.41592702656929,-8.57252372415802
57.214809624,257.049428496,-0.0194196376472754,-0.0760317253585272,0.398399691907895,"B/Plasma",0.0784725785694977,117.595726701747,-2.28366640141595,-8.94100599592364
409.336593568,211.828605044,0.117294618564427,-0.0143597787814933,0.534654091308766,"Tumor",0.118170346495337,78.0909947099476,9.15965343782001,-1.12136940886161
480.112763928,276.77128542,-0.127676067998747,0.00412195779399338,0.576630895985521,"Fibroblast",0.127742588339504,72.2393371153122,-9.22323451771899,0.297767498655376
161.518512624,405.765836168,-0.00556216129262275,-0.0349399904304079,0.195714291558154,"Endothelial",0.0353799458665802,260.826851964089,-1.4507610200713,-9.11328771161869
108.145086224,80.747980236,-8.03429140277557e-18,-7.84354168590523e-18,0.506980599387347,"Tumor",1.12281336170909e-17,821867660088543232,-6.60312427566866,-6.44635325220188
393.208046196,92.82089894,0.0438185477594946,-0.0393674657429392,0.112383443470686,"Fibroblast",0.0589055386765337,156.658272046601,6.8645379755939,-6.16723915814262
163.608345376,343.683520404,-6.69437325726524e-18,1.18327552643377e-17,0.506837996411637,"Epithelial",1.35951730571295e-17,678773257557078656,-4.54396154313692,8.03175783665016
207.205413884,222.912987752,0.0798820418905223,0.0133361576195164,0.31536528038922,"B/Plasma",0.0809876145879834,113.943841289644,9.10206670306633,1.51957302721185
176.027063744,446.991170024,-0.00527712256446569,-0.0237504755615345,0.1348313380066,"Fibroblast",0.0243296755415981,379.291531745344,-2.00156790068411,-9.00835425541478
138.034205008,240.981020196,5.0728714295131e-18,5.10766712888501e-18,0.506960470792475,"Tumor",7.19876989768827e-18,1281891216720706048,6.50286932904625,6.54747363045076
387.367038828,377.113327052,0.00294623493538024,-0.106140711293887,0.444780675115406,"T",0.106181593952373,86.9080935739123,0.256051661454755,-9.22448686913071
176.504417628,82.289043956,-0.0114482683532041,-0.122674001484376,0.561280007391322,"Endothelial",0.12320703506081,74.8986443711224,-0.857459780051812,-9.18811641076081
174.970871292,426.728061452,0.00689406666460796,0.0363750696937866,0.0508663652850708,"B/Plasma",0.037022612690137,249.254151247364,1.7183747351296,9.06663712308852
160.612667852,227.98346326,-0.0760691916310733,-0.0880158890146641,0.482545568484324,"Endothelial",0.116332792601427,79.3244939512164,-6.03415013141299,-6.98181585575465
478.684460968,366.310846244,0.0514647254704254,-0.0502105444668452,0.336483223966634,"Fibroblast",0.0719007423007808,128.344153450274,6.60519662305249,-6.44422982387458
360.142832672,542.383014292,-0.00783603882043658,0.0749494384283587,0.203182354723163,"Fibroblast",0.0753579579415586,122.456077036967,-0.959570573460044,9.17801420606049
432.929903252,232.166887456,-0.0166992649931728,-0.119800331813378,0.575186095906788,"Epithelial",0.120958608432421,76.2908901039127,-1.27400179041026,-9.13967394878668
472.245821572,159.097914976,2.409230964484e-17,4.02852156210796e-18,0.496294889767686,"Epithelial",2.44267961468388e-17,377783473836140160,9.10167643036359,1.52190887015694
106.337155372,60.481112972,1.07827375224424e-17,-3.93207800630899e-17,0.501349398697573,"Tumor",4.07724315346507e-17,226330379516303840,2.44046107567908,-8.89948707455626
147.306898172,275.651195204,1.33631397837235e-17,-3.33593130279929e-18,0.506725138639583,"Tumor",1.37732328280738e-17,669998105617628288,8.95327834019833,-2.23506765334607
169.532043968,145.006578668,-0.0942116999028665,0.052975638889508,0.329577294653456,"Tumor",0.108084516533772,85.3780004664829,-8.04360655825508,4.52295412182065
192.4450304,145.739523608,0.0133990511558738,-0.0508927294437346,0.271467111213247,"Fibroblast",0.0526270318573155,175.347907289536,2.34949557984791,-8.92393360421141
103.668484052,406.878409,0.0114804709344076,0.0585652453706769,0.142111317319808,"B/Plasma",0.0596798892274724,154.625620497835,1.77517494184014,9.05568740504891
211.588048756,484.367603272,0.0591600144291664,0.0280332535584712,0.307719006655455,"Epithelial",0.0654657972710385,140.959711600769,8.33917857223263,3.95155933683333
466.814511632,433.591433044,0.01832392232134,-0.0565806569972021,0.176272820672182,"Tumor",0.0594738335360479,155.161343306494,2.84316440202297,-8.77913074484985
418.804738716,300.75174038,0.0597110150387182,0.120548457281899,0.601867481821925,"Epithelial",0.134526338945204,68.596528942922,4.09596837131468,8.26920573896238
305.724489896,193.17797534,-0.000535279075246866,0.0321938887758006,0.0572240545347857,"Endothelial",0.0321983384384508,286.599879080096,-0.153410918239857,9.22676463026251
352.219509936,440.394665564,0.0661129074889312,0.0176883581443519,0.240667043476822,"Epithelial",0.0684382535610227,134.837454535742,8.9144961577645,2.38505318710098
495.091151548,289.896637884,0.125808730294793,-0.0328065250708557,0.57970387904917,"Myeloid",0.130015786370781,70.9763034215193,8.92943861447931,-2.32848587763474
305.780870276,399.71810074,-0.071630352597898,-0.0121445685904984,0.294208337563866,"Tumor",0.0726525839839749,127.015990306352,-9.09820017121522,-1.54255440636558
406.532609336,150.381508228,-0.106077466739796,0.0558741197043605,0.582881516217047,"T",0.119893061528471,76.9689236841165,-8.1646684420998,4.30057085544211
492.057887104,521.259165252,0.0555120523498902,0.0391715710955488,0.155352593420128,"Fibroblast",0.0679411505509774,135.824015757815,7.5398698731201,5.32044008974017
236.752491696,149.810187044,0.0837578867528173,0.0413107204459777,0.347208318428799,"Endothelial",0.0933914301050342,98.8103500788192,8.27614611190797,4.08192674927529
332.753244068,197.192258396,0.0186120798810342,-0.0283817479011356,0.115523622507165,"Myeloid",0.033940140415467,271.891624197131,5.06046862854114,-7.71675953439328
439.891000836,173.365909808,-1.08715741562389e-17,-6.43115594653979e-18,0.506512593418288,"Epithelial",1.26313455911599e-17,730566655503296896,-7.9424095713795,-4.69838809088371
141.131367216,101.774103284,-4.13055035232971e-18,-1.33987497362053e-17,0.506723889894415,"Tumor",1.40209821591283e-17,658159307123298432,-2.71856015792722,-8.81851184269938
234.89945654,477.910170416,0.0866802608600406,0.0302187191431636,0.287023229254168,"Fibroblast",0.0917967243937282,100.526897489934,8.71369769787801,3.0377940815819
405.701938404,398.748358204,0.000936655645428624,0.113444379695434,0.503845695605851,"Tumor",0.113448246386976,81.3414062969546,0.076188887415146,9.22772538091229
186.096599612,356.827666328,0.0215280889545892,-0.0568426866453785,0.300471320863586,"Endothelial",0.0607828071011976,151.819903409137,3.26839238566904,-8.62985119601718
210.140952336,356.90659886,0.0207474810444742,-0.0955958826953022,0.478151016495778,"Endothelial",0.0978214227967718,94.3355723031308,1.95722549817884,-9.01809230388429
196.4856243,60.785567024,0.000611733888206734,-0.130884629076691,0.694363786023385,"Endothelial",0.130886058642213,70.5043760868797,0.0431299161192169,-9.22793911241476
209.524526848,204.62319248,0.0811920917448096,-0.0110370231390584,0.353307183641669,"Endothelial",0.0819388286569298,112.621086416514,9.14394158072972,-1.24300153672496
448.48712944,521.112576264,0.057035468866243,0.0419961886587347,0.172962073593205,"Fibroblast",0.0708288399640444,130.286475222869,7.43095020126647,5.47153539314115
370.62582466,105.814697184,-6.78627173117391e-18,1.87379421356001e-18,0.506959587609308,"Epithelial",7.04021226697754e-18,1310761601084752896,-8.89518439974971,2.45609750346926
81.88310522,181.969555796,-0.0311192835604768,-0.0120773629240759,0.168592307070833,"B/Plasma",0.0333807205511985,276.448193767605,-8.60286973163574,-3.33876516583663
517.150914896,542.912989864,0.0625288116147934,0.0168006998687895,0.141255721715487,"Fibroblast",0.0647465504721253,142.525583768557,8.91195537775256,2.39452955651955
467.479800116,346.66416316,8.92728222588165e-18,6.648737670977e-18,0.507104741458683,"Epithelial",1.11311311445877e-17,829029842805053056,7.40098338039901,5.5120019462221
234.745350168,76.60214296,-0.0595224570205217,-0.0101541630020423,0.130096573645128,"Tumor",0.0603823642799112,152.826740275722,-9.09662307964807,-1.55182763183046
215.57977966,302.025936968,0.0217237576100623,0.0162247729086071,0.121814776289569,"Myeloid",0.0271139244786993,340.34320300219,7.39353324625179,5.5219911796985
396.162378108,442.503291776,-0.028821425713053,0.0609181210790871,0.179013348775756,"Fibroblast",0.0673920771006455,136.930634876538,-3.94653612093533,8.34155699484523
151.580530976,121.417027676,0.0470135513688991,-0.057048887202145,0.320935503292393,"Fibroblast",0.0739246206843104,124.830399095961,5.86872038029813,-7.12143535742422
401.552342436,290.231161472,-0.070161820734975,0.0738489261698663,0.420875246815419,"Epithelial",0.101864345996473,90.5914607586008,-6.35606182986447,6.69008209718225
210.366473856,399.394853228,0.0612966398646441,0.0148284847630413,0.286471328169917,"Fibroblast",0.0630647446602587,146.326445191416,8.96931941357183,2.16979946295092
217.789890556,92.884796704,-0.0576800824621425,0.0165553499810516,0.257094414662071,"Fibroblast",0.0600089287176056,153.777781077646,-8.86991509340391,2.54584498504995
105.980079632,165.055441796,-0.0434911522340749,-0.00172311377884197,0.0678095117935246,"Endothelial",0.0435252736205336,212.015666655949,-9.22080563454275,-0.365327116545231
126.72430078,140.943432616,-0.00893883867476029,0.0810489919342455,0.279372844890634,"Fibroblast",0.0815404312621094,113.171340403839,-1.0116203544763,9.17242305557849
75.297876836,241.42078716,-0.02815573743033,-0.0553775415001068,0.198284779966103,"B/Plasma",0.0621242114866799,148.541763061549,-4.18230287819928,-8.22587764843999
469.227591896,497.000567084,-0.00456737938287087,-0.0506983066451106,0.0930435688950053,"Fibroblast",0.0509036270918757,181.284525882298,-0.82799520594833,-9.19081848319425
244.055630252,434.797973176,-0.035227916536653,0.0145640095938189,0.140952584509351,"Tumor",0.0381197649384441,242.080189055244,-8.52798069521529,3.52565819587405
153.963541704,82.210111424,4.12947813352494e-18,1.34086810869097e-17,0.506724495125784,"Tumor",1.40301574526343e-17,657728891082923904,2.71607707351454,8.8192769421777
309.915431476,287.310657788,-0.0181264477852874,0.0387520905936495,0.172758706005401,"Fibroblast",0.0427819194834824,215.699529484712,-3.9098662585157,8.35880770759915
166.75437058,299.24826358,-0.0890450474961761,-0.0853256407288012,0.575009542279234,"Tumor",0.123326742636691,74.825943714616,-6.66287971201418,-6.38457159058682
358.722047096,294.008646932,-0.0048539234487101,0.0839484395023337,0.295334636899765,"T",0.0840886500529228,109.741801030605,-0.53267830132613,9.21265294469486
199.703064652,443.803799208,0.005350250127057,0.0284585504081026,0.0524258216810224,"Fibroblast",0.0289571108322738,318.679579481907,1.70501546061354,9.0691588767188
386.795717644,211.753431204,-0.0889054853626412,0.00902454806798356,0.386197277720939,"Tumor",0.0893623399167577,103.265423797497,-9.18086262389534,0.931923780821209
326.318363364,435.733887484,0.0683613601368506,0.00689048623383941,0.151906381757156,"Myeloid",0.0687077459992607,134.308581497337,9.18151730920898,0.925451431893896
451.28735498,359.03025984,-0.101148731688058,0.0705724758674298,0.579973549765601,"B/Plasma",0.123335073163159,74.8208896818207,-7.56803809508829,5.28029543144992
515.996996452,440.947193288,-0.0535214317680675,-0.0277488005065712,0.183976687657867,"Myeloid",0.0602871428088726,153.068124861971,-8.19242520066604,-4.24745686070978
425.46514094,105.998873092,0.00511352837869271,0.011339062318344,0.0780382481083894,"Tumor",0.012438750208079,741.878383975134,3.79361616999554,8.4122052285264
298.737081468,371.588049812,-0.0338511540848179,-0.0565876455564918,0.219895252452129,"B/Plasma",0.0659398382049974,139.946353437377,-4.73734557381703,-7.9192346452378
310.727308948,269.013345132,0.00714005165975983,-0.117520765881192,0.490719097853831,"Endothelial",0.117737465366832,78.3781090775854,0.55962374780825,-9.21105540711745
354.542381592,420.793086784,0.0165892676643772,-0.0771001960830142,0.290767516821261,"B/Plasma",0.0788647198541882,117.011002132533,1.94112683405359,-9.02157120828826
234.226650672,230.847586564,0.0209220108032441,-0.034588644804085,0.0976916908872065,"Endothelial",0.0404240631979792,228.28085979,4.77609461470024,-7.89592557484744
384.096976788,233.313288516,-0.0704333926076668,0.0342895576657941,0.235580917083113,"Endothelial",0.0783366871851341,117.79972110936,-8.29703400596924,4.03930032999387
482.97312854,318.613044764,0.0943595203115258,-0.0587716465965307,0.569668759129191,"Myeloid",0.111165756944703,83.0115330175847,7.83292843586368,-4.87872448194573
184.348807832,206.495021096,0.076036751401854,0.0559860179834322,0.458824763217527,"T",0.0944246883679716,97.7291009643418,7.43100335475235,5.4714632040943
211.279836012,240.57508146,0.0741767021270608,0.0389585609108565,0.257093280160497,"B/Plasma",0.0837851574366942,110.139315665934,8.16977121063028,4.29086923805132
131.29111156,457.955274588,0.0301656207670557,0.0412697891264721,0.105182894450505,"B/Plasma",0.0511190783446386,180.520467149773,5.44551195273179,7.45004161228337
151.242248696,444.29618786,0.008759231734751,-0.0209651363725197,0.114518091374021,"Fibroblast",0.0227213794409895,406.139069461275,3.55746622594744,-8.51476097746389
494.617556356,542.837816024,-0.00162703389154871,0.0271971741391991,0.117275685056569,"Tumor",0.0272457982162786,338.695891006288,-0.551069693595519,9.21157112792921
361.277957656,203.826349776,0.0114055026569856,-0.0127976608175215,0.0128639953634375,"Endothelial",0.0171425089546084,538.313261347853,6.13973333259349,-6.8891505323036
227.66397444,172.005263304,-0.0751331244419716,7.86662422825819e-05,0.221897734373737,"T",0.0751331656247125,122.822455653389,-9.22803484487465,0.0096619810541712
164.957715804,276.365346684,1.9614435542297e-18,-6.83504907372726e-18,0.506961884032034,"Epithelial",7.11091813036046e-18,1297728329010056704,2.54542086607806,-8.87003681314982
425.017856592,351.09941972,0.0816510764171678,-0.0583178288903802,0.517638061906648,"Fibroblast",0.100338763429543,91.9688422263628,7.5093549646232,-5.3634232042034
59.6692355,308.690097884,-0.00625123951002381,-0.0645950595597449,0.203821153275286,"Fibroblast",0.0648968390211624,142.195522035069,-0.888898265494083,-9.18512821498427
93.74177848,230.377750064,-0.0494617379705281,-0.00895582780139479,0.186600247276259,"B/Plasma",0.0502659962069132,183.584144339923,-9.0803908428849,-1.64414798377476
445.356139004,335.478295768,6.89519416114346e-18,-1.91608260781533e-18,0.506963257144026,"Epithelial",7.15647085369872e-18,1289467964264903680,8.89113197818091,-2.47072713966303
148.908100964,358.665666716,-0.0169451743797526,-0.0438781749531742,0.229841308832041,"Tumor",0.0470365089263817,196.188877824311,-3.32445474610092,-8.60840990504202
200.251833684,503.935353824,0.0678040489782973,0.0408437663863788,0.40184128478689,"Epithelial",0.0791555576727018,116.581073702958,7.90466883129786,4.76161013939683
377.831237224,420.872019316,-0.0130194371389956,-0.119001187628571,0.569669153006297,"B/Plasma",0.119711270983257,77.0858067686097,-1.00361381553268,-9.17330255477113
442.995680428,477.305021004,0.022467244071399,-0.040612985703575,0.131839516056519,"Myeloid",0.0464132703428944,198.823307103003,4.46701176776589,-8.07480812891177
298.688218472,497.733512024,6.91109222587446e-18,-1.93220324043367e-18,0.506963869695955,"Epithelial",7.17611351059087e-18,1285938396796649984,8.8872388570548,-2.48469433728856
189.392972496,383.638416364,-0.00068412880164454,0.0390176667347547,0.0614053902450686,"Myeloid",0.0390236639699763,236.472923458438,-0.161777937747002,9.22662171929449
472.080439124,542.762642184,-0.0420405848648497,0.00358878222940694,0.0627839608905007,"Fibroblast",0.0421934844930913,218.707698923302,-9.19459957718105,0.784894303330428
500.048866296,378.80097976,0.0155503262847425,-0.0321573840517924,0.126965515308283,"Fibroblast",0.0357198823712569,258.344633028961,4.01734333751241,-8.30768758203167
110.370231888,201.67261926,-0.0688519561554572,-0.0108038925548845,0.246818746892564,"Myeloid",0.0696944471301014,132.407103909063,-9.11648811301785,-1.43051212413694
183.401617448,488.847964136,-0.0359122080450399,-0.0326995699591595,0.141036351950193,"Myeloid",0.0485690082478961,189.99852448994,-6.82326653973335,-6.21287004369589
229.91918964,394.23041042,-0.0691582195813488,-0.0926615696504549,0.487655769549799,"B/Plasma",0.115624503569737,79.8104174992133,-5.51954637828972,-7.39535855993524
382.555913068,356.835183712,-0.0432886373866571,0.0578997282499919,0.241757453921156,"T",0.0722930470945609,127.647682231038,-5.52569422934665,7.39076611291845
265.123098912,425.724490688,-0.0229570738762699,-0.0505462232741369,0.133110897116047,"Myeloid",0.0555152945433906,166.225181347591,-3.816043768293,-8.40205513017921
74.640105736,215.2790843,-0.0455536404575272,-0.0538643325693163,0.224082924056565,"Myeloid",0.0705443157318261,130.811955680743,-5.95896079662657,-7.04609868483022
58.763390728,354.440896908,-0.0356088267684379,0.0483454056167467,0.130676382124928,"Fibroblast",0.0600438738596401,153.688283414419,-5.47265946044263,7.43012240021161
131.430183164,82.134937584,-0.0380358620084808,0.105476587176181,0.550513840215035,"Myeloid",0.112125096392658,82.3012884709036,-3.13040045139946,8.68085902811332
175.824094376,507.12272464,0.0844202237706892,-0.115010215333121,0.290517575954074,"Fibroblast",0.142667879399899,64.6819728579112,5.46046662259451,-7.43908762655944
230.441647828,128.220260196,0.118280070212465,-0.0318178225620406,0.546980686829497,"Endothelial",0.122484892301276,75.3402295553465,8.9112476416296,-2.39716205577542
352.651759516,312.29092482,0.0453803352489936,-0.0132741333588301,0.155816894180294,"Myeloid",0.0472818934026447,195.170693027361,8.85691148036008,-2.59072180698049
269.2163145,101.552340456,-0.109141494043734,0.0868898536384721,0.618591368105539,"Tumor",0.13950524143348,66.1483382862013,-7.21952846906632,5.74761943211617
116.121030648,389.276454364,-0.0125963834474758,-0.0691610016281914,0.181739484768404,"B/Plasma",0.0702987412559466,131.268920867902,-1.65351366198845,-9.07869004987593
458.143209188,218.526594188,-0.00729762948631824,-0.0810274420454633,0.434312833306838,"Epithelial",0.0813554040033635,113.428726906187,-0.827760822066127,-9.19083959568172
90.561925048,282.6536384,-0.0260820186081106,-0.121842077623119,0.54852665227025,"Fibroblast",0.124602422023779,74.0598758287294,-1.93163105947928,-9.02360913948258
399.421164072,254.9332849,0.0970647102655542,0.078257200852449,0.468831898087164,"Myeloid",0.124682586852361,74.0122589369043,7.18397846980979,5.79199221316879
98.876151752,378.755875456,-0.0856803656023759,0.0349926727175887,0.293888402095524,"Myeloid",0.0925505926165634,99.7080585023558,-8.54302290598493,3.48905145847913
171.024244692,369.851534108,0.0312010330593991,-0.0192648321168036,0.127101394074864,"Tumor",0.0366693089717047,251.655680508206,7.8519172071221,-4.84810443623055
237.733510308,193.606466228,-0.0196239009072786,0.068643854960877,0.191056915247664,"T",0.0713938114314441,129.25545951418,-2.53649632923102,8.87259301579285
404.912613084,188.284158356,0.13108305370436,-0.040494586189931,0.67799756984291,"Tumor",0.137195402543795,67.2620199506631,8.81691097345653,-2.72374766420098
432.997559708,212.561549984,1.09740566955122e-17,-6.40479238584274e-18,0.506516935673969,"Epithelial",1.27063482504638e-17,726254288103836032,7.96995573301031,-4.65150793463309
416.978014404,172.63672356,-0.0643772231694823,0.0274132523217542,0.187493321477066,"T",0.0699708029528709,131.884150439943,-8.49033538538976,3.61537349325033
114.730314608,244.826162112,-0.0229458519274899,0.0892631889632828,0.313396781212886,"Fibroblast",0.0921652267646156,100.124962819306,-2.29745257109721,8.93747347608133
179.601579836,166.611540284,0.0753795187954316,0.00147918458696809,0.211655762362037,"T",0.075394030538718,122.397487401884,9.22626370212392,0.181048476848487
82.010900748,479.353508144,0.069909938180225,0.100994180777299,0.622015372655196,"Fibroblast",0.122830061496527,75.1285132532552,5.25222971710729,7.58754264902898
179.32719532,471.18962912,0.0806390276571524,0.164722962040687,0.518434430097504,"Fibroblast",0.183402036534354,50.3159074861824,4.05742585537298,8.28818531888913
446.690474664,496.925393244,0.0586178398549358,0.010389130517727,0.12829166405435,"Fibroblast",0.0595313798107626,155.011355899594,9.08643083581884,1.61043320817072
235.451984264,313.208045668,-0.00919456635943155,0.0549302000448584,0.197628268731244,"Endothelial",0.0556944066087983,165.690604585456,-1.52345325899531,9.10141805543263
298.9099813,432.373616836,0.0353190954275107,0.0180120503797792,0.128569616805553,"Epithelial",0.0396468467939294,232.755960417336,8.22072997730178,4.19241208523095
80.593873864,119.218192856,0.0526831379681049,0.0843744236944772,0.432596300250605,"Endothelial",0.0994713848297164,92.770799550417,4.88745683212602,7.82748274774229
271.670740376,376.726181776,-0.00771506988093432,-0.0241696220527333,0.128313511308453,"T",0.0253711043007527,363.722437685388,-2.80614402400655,-8.79103385095467
382.679949904,542.458188132,-0.0243978184943945,0.0786157817269297,0.242229480092678,"Fibroblast",0.0823146079612949,112.106953207857,-2.73516509632488,8.81337576346003
383.860179192,190.82879284,-0.0718815759269677,0.0130698583135449,0.294319275721031,"Endothelial",0.0730601269782675,126.3074714582,-9.07918009976593,1.65082075590079
260.078934248,474.7227996,0.00812257749005907,-0.0423572112836929,0.0877129180625448,"Myeloid",0.0431289880801001,213.963747211075,1.73793711678536,-9.06290764767016
368.7276852,335.21894602,-0.00130802764036491,-0.0264760472434969,0.0844392741829869,"Myeloid",0.0265083385738873,348.118380837731,-0.45534846425483,-9.21679869738942
420.462321888,477.229847164,-0.0283262854144637,-0.0151088382748767,0.151350334695084,"Myeloid",0.032103822815952,287.443646694147,-8.14221077683269,-4.34293957104266
492.9524558,479.432440676,0.0794079819250021,0.0162629627627483,0.135659748831183,"Myeloid",0.0810562246297223,113.84739352462,9.04039176721164,1.85149592152685
110.960346532,472.26085634,-0.0311988817707127,0.062111726230741,0.224587022291927,"Fibroblast",0.0695070986238487,132.763992250336,-4.14208809762606,8.2462007399531
189.603459248,543.115959232,0.110517513498518,0.018147073545417,0.489189911001667,"Fibroblast",0.111997486883224,82.395062245118,9.10609740388605,1.49522925434137
414.512312452,460.21424848,0.00103140881258216,0.0571095526545402,0.0919283300961383,"Fibroblast",0.0571188656097123,161.558528947236,0.16663289050399,9.22653531570225
364.829921596,377.038153212,0.0450684389452403,-0.0759790431903492,0.293341701221939,"T",0.088340133535567,104.460334546864,4.70786420972474,-7.93679627021454
321.672620052,252.708139236,0.0677534942668687,0.0189865068678932,0.259729874630017,"T",0.0703635092104932,131.148090915054,8.88574142592388,2.49004412886976
161.127608656,186.810751092,0.042019670082435,0.0324823278656206,0.145449490441852,"Epithelial",0.0531107738355068,173.750808670588,7.30095165689438,5.64383073415475
57.128359708,283.191131356,-4.11373112265021e-17,-8.05066274516946e-18,0.501525971202177,"Tumor",4.19176758132241e-17,220146745352917632,-9.05624517908447,-1.77232720128304
329.584666712,358.61680372,-0.0197626504170728,0.0682894353912244,0.222849606330549,"Fibroblast",0.071091556021511,129.805006662785,-2.56529096906243,8.86431061595572
183.149785084,228.0586371,0.0781744487969127,-0.0394267735312342,0.388068012942419,"T",0.087554068527878,105.398184895334,8.2394450083878,-4.15551036647147
373.617743492,443.736142752,-0.00690532256157053,-0.0116555754053741,0.0787645856217844,"B/Plasma",0.0135475428661325,681.159675538595,-4.70362727552872,-7.93930796134026
123.875212244,317.406504632,4.07535191896379e-18,1.34938495367712e-17,0.506728808940939,"Epithelial",1.40958316031521e-17,654664454204774272,2.66798803972081,8.83394364211167
411.40763286,377.196018276,0.0030371023081393,0.0611521354619579,0.273568086646489,"Fibroblast",0.0612275073964942,150.717223278117,0.457743626694317,9.21668005435359
364.2172548,224.75098814,0.0340279866719057,0.00933238647207035,0.103961976530347,"Myeloid",0.0352845194696977,261.532253853281,8.8994160483929,2.44072006787043
505.878597588,321.958280644,-0.1285984843376,0.108522749954347,0.689920279121631,"Fibroblast",0.168269894608577,54.8407065001491,-7.05243173592235,5.9514642788354
262.879159788,199.56775174,-0.00111427343582587,-0.0192733023596875,0.0855097165210807,"Fibroblast",0.0193054859855359,478.000911759168,-0.532623718273786,-9.21265610054075
99.842135596,426.472470396,0.0152237382599425,0.0303786830783291,0.183604051303568,"Fibroblast",0.0339797968237127,271.574310785762,4.13437622552672,8.25006991957632
85.927457812,97.015599212,-0.0898439193461749,-0.0271133711044546,0.25914186977895,"Fibroblast",0.0938459628120989,98.331772902332,-8.8345118738035,-2.66610585005988
312.505170264,520.65401584,-4.08004171773801e-18,-1.34368562165909e-17,0.506725419617222,"Tumor",1.4042643818164e-17,657144055103329152,-2.68117515938511,-8.82995018201093
493.320807616,257.861305968,0.0448555134984924,0.0406633010144485,0.275511250031555,"Tumor",0.0605435474729148,152.419874424576,6.83687173469007,6.19789523431097
237.669612544,211.907537576,-0.0221121282445223,-0.070467372198896,0.208150332151951,"Tumor",0.0738552419271641,124.947663324164,-2.76285875527731,-8.80473349684623
204.014284376,167.352002608,-0.0757179788130811,0.00900722163075394,0.240355280652822,"Tumor",0.0762518351060728,121.020561540624,-9.16343231468015,1.0900590196747
59.1054317,140.717911096,-0.03343593773768,0.0521009771054401,0.315305719586549,"B/Plasma",0.0619069765675857,149.063004118211,-4.98406132468803,7.76632816483102
461.176473632,321.153920556,5.15035677119377e-18,5.16752079356084e-18,0.506963496713158,"Tumor",7.29585128840118e-18,1264833881374553344,6.51434574537273,6.53605538240327
312.79834824,212.155611248,-0.0104075062164857,0.10682369449729,0.415516681170851,"Endothelial",0.107329482863268,85.9786114389096,-0.894822933035258,9.18455292165126
487.134000584,421.89438354,-0.0390560647040473,0.109891309738793,0.188101347973623,"Endothelial",0.116625366650116,79.1254953197682,-3.09033046494866,8.69520431442003
138.684458724,380.202971876,-0.0473078269852108,0.00831715873842141,0.226151782197154,"Tumor",0.0480333803051872,192.117228569139,-9.08864861002701,1.59786948639511
265.53279634,81.931968216,0.0862116576969917,-0.0713944445462064,0.414806242977392,"T",0.111935770131467,82.4404914729385,7.10733143123673,-5.88579309682671
349.1824868,115.549709464,0.00260862827109137,0.119859456719005,0.529753862973259,"T",0.119887840527853,76.9722756070171,0.200792054238702,9.22585513668262
58.274760768,53.78688252,0.0638620131134947,-0.0572202272713203,0.350835855689374,"Endothelial",0.0857467849420007,107.619660717097,6.8728081839851,-6.15802144509467
399.71810074,502.646122468,0.0549882783889535,-0.0355491993091843,0.164753381393445,"Fibroblast",0.065478670815046,140.931997980013,7.74960793883639,-5.01001968523304
383.16106248,398.669425672,0.0154634955815904,-0.100724469691947,0.533805706820122,"T",0.101904555787883,90.5557149206203,1.40030789756277,-9.12117636295461
82.894193368,440.1428332,0.0321069719477758,-0.0578470318754511,0.122653724732274,"Myeloid",0.0661599330747449,139.480792591107,4.4783058949762,-8.06854985503095
278.327383908,185.897388936,-0.0840013454451086,-0.0081317729757209,0.267835994747237,"Tumor",0.0843940268521247,109.344704207673,-9.18510227074198,-0.889166310714152
405.217067136,542.533361972,0.0254240551901608,0.0181101037882946,0.117033696200279,"Epithelial",0.0312147151442256,295.63107849623,7.51614085561491,5.35390951461218
96.658523472,256.530729,-0.0114101238252601,-0.0217309685473738,0.128199653838708,"B/Plasma",0.0245443663539053,375.973849558016,-4.28990817851668,-8.17027589938028
434.903216552,315.835371376,0.125366362287617,0.000547374690609205,0.601919644387307,"Fibroblast",0.125367557255783,73.6078783461685,9.22795194396863,0.0402910896361339
274.850593808,325.754559564,0.0173691542673502,0.080404959413025,0.246644329615677,"Tumor",0.0822596196087316,112.181893703536,1.94850461774019,9.01998061010908
186.645368644,306.50253914,-0.014397368864674,-0.018475187833527,0.0932350512480485,"Myeloid",0.0234225702199735,393.980669771708,-5.67228502825458,-7.27886687681108
356.651007804,352.174405632,-0.0406747860483898,-0.0591176755562125,0.249837017166311,"Endothelial",0.0717588864409969,128.597869347202,-5.23069082197621,-7.60240711728807
335.703817288,102.431874384,-0.0151633331625721,0.107173229186235,0.511815695225615,"T",0.108240601101455,85.2548841112815,-1.29274821151583,9.13704123410424
102.503289532,529.75005048,-0.0775304756195454,0.0606026737252498,0.354409530411375,"Fibroblast",0.0984055827300566,93.7755729606734,-7.27046477313639,5.68305045153405
111.460252568,99.714340068,-5.04041844717132e-18,-5.13079310118161e-18,0.506960285878564,"Tumor",7.19241655980225e-18,1283023560483782144,-6.46697562241788,-6.58292843278365
146.074047196,529.896639468,-0.070116042758272,0.0671433704857309,0.335061976616749,"Fibroblast",0.0970798210353931,95.0562104937922,-6.66496531942204,6.38239435815431
334.647624836,416.151102164,-0.0240463971226408,-0.0334561928217235,0.155838736600912,"T",0.0412012870272773,223.974554409686,-5.38578108070182,-7.49333587949005
344.777299776,85.468897388,-4.08449308460781e-17,-5.77242154484618e-17,0.500149451620883,"Epithelial",7.07134599985133e-17,130499057792307424,-5.33022499100514,-7.53295572782442
254.110131352,236.797596,-0.104109467826887,0.0253865156102973,0.424967110907943,"T",0.107159957381615,86.1146283417919,-8.9653481287741,2.18615035667385
337.601956748,542.307840452,0.0214362382057124,-0.041223287238808,0.201755863971754,"T",0.0464636602000458,198.607683150862,4.25740160550653,-8.18726157036216
75.113700928,296.324001204,-1.08895781298231e-17,-6.4675595690024e-18,0.506514513107307,"Tumor",1.26653953204831e-17,728602595460717056,-7.93417488886134,-4.71228068827195
405.096788992,355.606091428,-0.00973475150033385,-0.0771135408973973,0.23880997595844,"Endothelial",0.0777255657844175,118.725927690706,-1.15576740271563,-9.15537668055872
268.569819476,295.015976388,0.0164033772616933,0.00629462018602917,0.0720821938740993,"Myeloid",0.0175696621730699,525.225801847481,8.61547697527962,3.30609693453251
104.672054816,332.373616176,-0.044128690067219,-0.0195682390998909,0.103582916977448,"Fibroblast",0.0482727383573707,191.164624528308,-8.43584446762598,-3.74075508021078
203.875212772,319.631650296,-0.00912814965445929,-0.107856432365935,0.474853832907453,"B/Plasma",0.108242011801434,85.2537729986814,-0.778209198539264,-9.19516780137304
372.757003024,252.881039068,-0.0606129256303353,0.00181463131838174,0.240349003563589,"Epithelial",0.0606400827859776,152.177231281318,-9.22390720228489,0.276145569827702
134.343169464,221.360647956,-0.0415337617536781,0.0346118969931596,0.194404413707401,"Fibroblast",0.0540651160997217,170.683808132755,-7.08914062219634,5.90769038549112
193.095284116,286.265741412,0.0695405084712089,0.0261971688282558,0.346411684026728,"T",0.074311331390646,124.180790874668,8.6355953397813,3.25318514377002
285.438829172,416.643490816,-0.00339245943679444,-0.0121628023030198,0.0717756213599076,"B/Plasma",0.0126270559075597,730.814844774326,-2.47925971670413,-8.88875647710222
491.377563852,500.33828558,0.0338889799180364,-0.0471220100790957,0.12000619558697,"Myeloid",0.0580426291080915,158.987283051132,5.38791684254297,-7.49180035438347
125.664349636,119.368540536,0.00556355042299572,-0.0922393735736881,0.307520971915667,"Myeloid",0.0924070080165764,99.8629876792963,0.555592767344765,-9.21129942673523
184.43901644,402.578465352,-0.0134702378213774,-0.0860092230018298,0.261933662728204,"B/Plasma",0.0870576461222273,105.999189204863,-1.42783428746269,-9.11690790233424
422.642363248,499.458751652,-0.104909273286284,-0.0436615901463556,0.386992401066376,"Fibroblast",0.113632258076501,81.2096851655221,-8.51964905452283,-3.5457439896116
289.836498812,449.336593832,0.0215483596884522,-0.0542790292805238,0.251484410712134,"Endothelial",0.0583998700760445,158.01473344074,3.40495831225596,-8.57688634318408
297.35012412,225.833491436,0.00213973251252692,-0.0990771295809656,0.429659548275337,"T",0.0991002323974501,93.1182468475971,0.199248140289311,-9.22588860927173
335.04980488,520.72918968,-0.0783390505600097,-0.032462658451487,0.251778083324405,"Fibroblast",0.0847987678942427,108.822806417999,-8.52507533406177,-3.53267759647978
495.718853112,438.2634872,-0.0173739854380409,0.107228159953673,0.104128177292486,"Endothelial",0.108626578962295,84.9519518261099,-1.47595397395999,9.10924147878682
499.582788488,405.60045372,-0.0319316652047454,-0.0629218663104148,0.195600598593004,"Fibroblast",0.0705605591157954,130.781842132176,-4.17608199782449,-8.22903758647053
345.68690324,372.399927284,-0.0957558612770679,0.0617849010378167,0.462367479705582,"Tumor",0.113958584429458,80.9771369944693,-7.75403549665652,5.00316439552901
177.263673412,526.735579496,0.121228713947755,-0.0209218626281645,0.329733049697856,"Fibroblast",0.123020833281434,75.0120094043668,9.09360943072832,-1.56939095622075
160.537494012,250.208609056,0.0699405834944403,-0.0302917512106647,0.34112079581304,"T",0.0762186027879781,121.073328104822,8.4679392132651,-3.66752313319846
427.002445968,542.612294504,-0.0135431088878318,0.00526550583001557,0.0329631960492694,"Epithelial",0.014530703699188,635.071782762709,-8.6008463055448,3.34397417461542
446.201844704,418.489008588,0.0243720008074886,-0.0579129470922626,0.289374166328267,"Tumor",0.062832347276474,146.867661372492,3.57945876156434,-8.50553910262947
466.652887876,257.117084952,0.0280848282497991,0.098330231840529,0.439101537348334,"Tumor",0.102262368795334,90.2388631492473,2.53434297300373,8.87320833449126
134.57996706,261.232852692,5.03516207514426e-18,5.18934601329507e-18,0.506961480609396,"Tumor",7.23064099293227e-18,1276240918621202688,6.42607987218875,6.62285572305098
166.671679356,101.8605532,-4.2168935184908e-18,1.34262308593216e-17,0.506726703469588,"Tumor",1.4072876963652e-17,655732294602911488,-2.76515326297612,8.80401316925134
79.601579176,79.34598812,0.0473908207222418,-0.0390092447998175,0.182278583986675,"Endothelial",0.0613808689135283,150.340652818718,7.12476692499666,-5.86467532916974
338.447662448,179.563992916,0.0131571079549627,-0.0624630048629491,0.211087918679431,"Myeloid",0.0638336624849878,144.563848348984,1.90204215911244,-9.02989236242921
431.997747636,284.454051868,0.135475726750531,0.0228380596058766,0.670348126571769,"Fibroblast",0.137387224679539,67.1681076938903,9.09964820428775,1.53398924712701
214.158994084,278.489007664,4.07577169948848e-18,1.34049696903785e-17,0.506723505084685,"Epithelial",1.40108931673294e-17,658633235785276288,2.68443870275616,8.82895856277757
321.740276508,121.341853836,-0.00816248143399422,-0.102048880852508,0.489151290677813,"Fibroblast",0.102374802497537,90.1397578106394,-0.73576409959408,-9.19866140489186
222.563429396,460.218007172,0.089032490498762,0.0690724431329003,0.404965038403132,"Fibroblast",0.112684456624505,81.8927488268443,7.29111538184352,5.65653223633909
424.799852456,416.455556216,-0.00208946606236597,-0.0700342214025123,0.292184355876117,"Epithelial",0.070065384005812,131.70612041853,-0.275195468820404,-9.22393559745726
281.082505144,260.42097522,0.0692908472031177,-0.104143518706418,0.518698090524926,"Endothelial",0.125088344759533,73.7721801402021,5.11173686193562,-7.68289442244439
315.068598208,542.232666612,1.04066948217781e-17,3.93942065270713e-17,0.501353078678287,"Tumor",4.07455863255294e-17,226479497173369024,2.35690301047302,8.92198008579496
334.760385596,159.939861984,0.000379282616471728,0.0374117842626901,0.102501882819023,"B/Plasma",0.0374137068067469,246.648640048034,0.0935495415466117,9.22756571016294
286.277017488,390.501787956,-0.0582271881744563,-0.042597266052823,0.308202585350697,"B/Plasma",0.0721452182606618,127.909238138264,-7.44779527832802,-5.44858384758952
250.231161208,386.457435364,-0.00581886666778603,-0.104516742414944,0.401000749099711,"B/Plasma",0.104678596925681,88.1559380241945,-0.512967649336396,-9.21377146682252
81.650066316,140.793084936,0.0811296249467086,0.0364128199036086,0.282231100704903,"Endothelial",0.0889264274404759,103.771625248489,8.41895303652029,3.77861750127798
403.405377592,522.266494708,-0.0403591483284226,0.0122044854277635,0.179316754649497,"T",0.0421640880175548,218.860180236744,-8.83301047736007,2.67107588041704
103.311408312,511.452737824,-0.0829296324429948,0.0162120419167536,0.404303845316222,"Fibroblast",0.084499433372306,109.20830513006,-9.05660460415833,1.77048962042615
324.611917196,497.165949532,-6.87443905670778e-18,1.84309300727375e-18,0.506962053239629,"Epithelial",7.11722587655125e-18,1296578198177345536,-8.91324780562614,2.38971421044427
59.428679212,492.35106508,0.00600400318414531,0.0732666538551338,0.219074349889229,"Fibroblast",0.0735122481044025,125.530644770029,0.75368639090707,9.1972102985775
287.021238504,168.280399532,0.0853794554554213,-0.0253737065614659,0.346734827363138,"T",0.0890700645477012,103.604279955337,8.84567700543773,-2.6288245980987
297.008083148,326.483745812,-5.70232902656049e-18,6.86232520607805e-18,0.507042514461989,"Epithelial",8.92233509576548e-18,1034262869976672896,-5.89770718456174,7.09744816235155
242.946816112,94.929525152,0.000300438378132269,-0.102640596120501,0.37183257997704,"T",0.102641035824814,89.9059506647054,0.0270111980021439,-9.22800037100568
223.010713744,438.654391168,0.130353469521368,-0.0449123439314853,0.430987039675541,"Fibroblast",0.137873658302368,66.931131128777,8.72470516162571,-3.00603398097897
516.098481136,521.338097784,0.0865899355056223,-0.000647284653720064,0.29495994266836,"Fibroblast",0.086592354791233,106.568760317098,9.22778208277162,-0.0689803231192291
224.672055608,503.36403264,-1.34202904077584e-17,3.36397658286216e-18,0.506729047385777,"Tumor",1.38354809485835e-17,666983673161341952,-8.95111459105863,2.24371745766614
105.773351572,450.020675776,0.0225667761014925,0.0328670177938408,0.127982971922835,"T",0.0398685369969296,231.461713876049,5.22334467310852,7.60745626855701
266.558919256,445.337345544,-0.00578259149912859,0.0321224725306452,0.0587319945370802,"Myeloid",0.0326388052159978,282.732160137924,-1.63492458574382,9.08205604756043
450.926520548,130.922759744,0.109994628092927,-0.0545911478585878,0.623396886420797,"Myeloid",0.122796627127212,75.1489688188274,8.26598287679386,-4.10246846820901
58.056756632,119.143019016,0.00896236929603644,0.0671232460978546,0.231759950707975,"Endothelial",0.0677189355358728,136.269712895171,1.22129949083139,9.14686547434658
481.597447268,392.46382518,-0.0468827984429097,0.000911779288989297,0.121102062600013,"Endothelial",0.0468916637720429,196.794891900206,-9.22629525155156,0.179433506613496
329.193762744,139.661718644,-0.0206289805283273,0.0617118296073735,0.260073823530552,"Myeloid",0.0650684620313682,141.82047054672,-2.92561172542649,8.7520007132167
194.891938892,422.217631052,0.0417858714365543,0.0457299932508687,0.144673667339936,"B/Plasma",0.0619458742325648,148.969403004871,6.22481632194178,6.81236979399869
213.591431592,111.824845692,-0.0871892441910075,-0.00747338177472799,0.352539998194249,"Fibroblast",0.0875089466154745,105.452530969081,-9.194326473223,-0.78808702304327
104.88630026,490.543134228,-0.0437753537278698,0.0863030561767644,0.335346726396607,"Fibroblast",0.0967703420447085,95.3602075600455,-4.17442681750408,8.22987735008252
157.56436864,464.578089892,0.00182441172567826,0.0222052232287842,0.114009054529483,"Fibroblast",0.022280045259939,414.184073478192,0.755642280242799,9.1970498093904
441.093782276,262.2627343,-0.0909375617261011,-0.0492839979322243,0.405555524851309,"T",0.103433807746171,89.2168634619524,-8.11316402808043,-4.3969637143784
314.745350696,414.125167176,-0.0134153613677994,0.059715525260796,0.245880859647811,"Endothelial",0.061203887767048,150.775387638175,-2.02270631053615,9.00363146921373
296.169894832,353.933473488,0.023200522980432,0.0741052062359081,0.318450386902301,"Fibroblast",0.0776520821216793,118.838280325566,2.75711025364832,8.80653527224674
85.34110186,160.413457176,-0.0371321741169723,-0.0922647982577021,0.348537867893751,"Epithelial",0.0994564796892973,92.7847027349898,-3.44529773734716,-8.56076187924469
466.667922644,476.726182436,0.0564404418070513,0.00858534348031188,0.103516940228734,"Fibroblast",0.0570896802762993,161.641120748596,9.12309626923765,1.38774454216926
57.305018232,230.903966944,-0.00300368245006249,0.0782992305786099,0.230363977704068,"Epithelial",0.0783568224053473,117.769450314134,-0.353742031062072,9.22125734526255
344.311221968,334.482242388,0.0245382231722982,-0.0132113972913586,0.125699602649333,"Myeloid",0.0278687174954936,331.125388333072,8.12522867693084,-4.37462905852362
399.612857364,420.947193156,-0.0378009418434837,-0.0583267053960971,0.27602969212207,"B/Plasma",0.0695047895228634,132.768402960266,-5.01877067895323,-7.74394352537374
154.869386476,484.83368108,-0.0654139907851525,-0.0291937016136968,0.223299032586387,"B/Plasma",0.0716328304923767,128.824169582718,-8.42690304198881,-3.76085436743013
82.292802648,395.692541608,-0.0730039299716836,-0.0390294381639002,0.351689004156474,"Fibroblast",0.0827820683161528,111.473898765095,-8.13803269911755,-4.35076363874115
250.155987368,520.443529088,4.25785796604805e-18,-1.33642114595578e-17,0.506723656519366,"Fibroblast",1.40261007551927e-17,657919122648798464,2.80132617738553,-8.79257027836531
351.772225588,239.740651836,-0.0104068516928457,-0.0606289932144606,0.136152635258648,"T",0.0615156677632292,150.011212404591,-1.56114443975856,-9.09502877897093
190.32136942,105.209547772,-0.0607502591629275,-0.0213309780168831,0.165487111934589,"Fibroblast",0.0643863697650334,143.322879309955,-8.70690206205673,-3.05721718787704
255.925579588,257.064463264,0.0512138716488176,-0.0520785851336001,0.233527387637642,"Endothelial",0.0730413559483886,126.33993144323,6.47035703305402,-6.57960487543948
278.898705092,239.496336856,0.0467226199023476,-0.0390733267306453,0.217934214698846,"Endothelial",0.0609075370733295,151.508997842581,7.07889731798451,-5.91996057533581
174.489758716,123.45423874,0.0533178184606184,-0.112347667811179,0.592192962324347,"Fibroblast",0.124357501695758,74.2057356991338,3.95648794474305,-8.33684134401042
403.660968648,111.155798516,0.0420576998365077,-0.0425141760946807,0.15500729859594,"Fibroblast",0.0598022180570863,154.3093250192,6.48989527363161,-6.56033381691759
385.093030168,271.881227128,0.154365604139174,0.0407510090420644,0.647119732458984,"Myeloid",0.159653952281798,57.800259693866,8.92237200704477,2.3554189054184
243.397859152,295.58353888,0.0323830883289487,0.00137529745280886,0.103374513672872,"Endothelial",0.0324122793521869,284.708144181084,9.21972898098713,0.391558385486183
57.459124604,408.68258116,-4.20055354424631e-17,-2.34872629395147e-18,0.502001006751914,"Tumor",4.20711483443455e-17,219343665818436800,-9.21364812861614,-0.515178235319466
338.703253504,216.82014802,0.0397588704930021,-0.0106557785502002,0.0686897554633857,"T",0.0411620383289047,224.188117928065,8.91346634677181,-2.38889893822762
321.465891992,314.147718668,0.0196368633189614,0.0827058928063357,0.278607684538855,"Endothelial",0.0850051239979136,108.558631162828,2.13175100223801,8.97843851215543
83.206164804,347.329451644,0.042769204298134,0.0277030038680362,0.234611232513334,"B/Plasma",0.0509574455757739,181.093063020945,7.74520620931767,5.01682182534377
463.228719464,381.289233864,-0.0906014386960673,-0.030190908102301,0.457434316659865,"B/Plasma",0.0954992755252039,96.6294231269279,-8.7547647556707,-2.91733003360344
93.087766072,313.3809455,0.010697548752951,0.0608223771258822,0.163584258543046,"Fibroblast",0.0617559641537949,149.427509220953,1.59850806492317,9.08853631881802
518.218383424,338.33866038,-0.0772447153256566,0.117436953592619,0.663601498378409,"Fibroblast",0.140563807983623,65.6501843213808,-5.07112979898195,7.70975764949689
327.746666324,234.42962004,0.0992411430199677,-0.0490002202012625,0.457146879300694,"T",0.110678932266633,83.3766617915056,8.27439521737828,-4.08547478742996
381.26292302,294.087579464,-0.075147079459014,-0.0611876462262221,0.505409774562291,"Endothelial",0.0969072319382031,95.2255029730355,-7.15591843843928,-5.82662438762816
222.247699268,330.806241612,0.0266650824420343,-0.117396275823906,0.5084602176808,"T",0.120386511698625,76.6534371071522,2.0439702199275,-8.99882804548171
336.38414054,458.643115224,-0.0212367291554431,0.0027908156625409,0.0712830895236002,"T",0.0214193211209863,430.82784234457,-9.14937420049556,1.20236109027393
424.22477258,251.09941906,0.0305652438030059,-0.0909427500069905,0.344719219782412,"Epithelial",0.0959417422583682,96.1837849284534,2.93988083623406,-8.74721790747448
131.527909156,163.833866896,-0.0493755553686662,-0.0483008274843819,0.163581926012587,"Fibroblast",0.0690718133802801,133.600660695475,-6.59660681945983,-6.4530224640516
88.205225164,200.943433012,-0.0188561028666612,0.0311686765091679,0.194674272118661,"B/Plasma",0.0364285466447848,253.31891477919,-4.7766075151474,7.89561530840605
517.955274984,416.767527652,-0.0176284961893648,-0.101672772706134,0.378335097780194,"Fibroblast",0.103189711636634,89.4279066844868,-1.57647951221035,-9.0923832299172
79.379816348,369.543321364,-0.105134792548635,-0.0169146441484035,0.438871463163734,"Fibroblast",0.106486758758597,86.6590363968139,-9.11087981404364,-1.46580676289565
263.567000424,219.180606596,-0.0734560447270705,-0.0387850483892387,0.245043239652966,"T",0.0830666629009554,111.091978186761,-8.16037731850549,-4.30870774962979
159.173088816,208.370608404,0.0842949402996709,0.040603796597748,0.348972578044521,"T",0.0935644444128023,98.6276353261533,8.3138106317158,4.0046564437
103.130991096,119.293366696,-0.0115949398373229,0.0777049455119292,0.22352700553343,"Endothelial",0.0785652670513059,117.45699148472,-1.36190674973827,9.1269891233153
207.457246248,260.169142856,0.0278762293176857,0.0845357810627124,0.334080633424931,"B/Plasma",0.0890133834929054,103.670252055698,2.88993571972691,8.76384573049669
468.618683792,453.858300308,0.0430707551120602,0.0778197508828645,0.262439117983993,"Fibroblast",0.0889438225701715,103.751330181021,4.46864813477725,8.07390266845287
314.234168584,453.99361322,-0.0838153051682094,0.0118059957399827,0.263782143846093,"Fibroblast",0.0846427014919334,109.023456723194,-9.13783429574754,1.28713046563221
253.940990212,177.320053792,-0.0729430209199121,-0.0225034987250081,0.225739204186146,"Endothelial",0.0763353899301574,120.888095436247,-8.8179428743745,-2.72040510151825
427.205415336,148.490886152,6.63959995081622e-18,-1.18606578233181e-17,0.506837899487894,"Epithelial",1.3592626365376e-17,678900431379930112,4.50762727079929,-8.0522057127004
456.820149604,278.000377704,-0.0391065027175994,-0.00919028030868953,0.188648339443682,"T",0.0401718783100055,229.713926539043,-8.98330829246952,-2.11113537570352
150.182297552,425.337345412,0.0283859744445431,-0.00704760503745757,0.102539942446536,"Fibroblast",0.029247773965385,315.51255538153,8.9561313339926,-2.22360787468798
124.664537564,417.410263984,0.0245723993784689,0.00215844479707937,0.139748927429411,"Epithelial",0.0246670163407943,374.1044225028,9.19264327899025,0.807483744315551
360.62770394,398.594251832,0.0021606774549412,-0.0830535091465205,0.380515128331874,"T",0.0830816099303297,111.071991873754,0.239990748717033,-9.2249186930091
184.96523332,247.017479548,0.0821112998885266,-0.0408806976108537,0.33292616806352,"T",0.0917251165523032,100.60537669394,8.26083825611428,-4.11281798265099
301.394476712,474.865629896,-0.0666064827871378,0.041132725917705,0.263240385998078,"Fibroblast",0.0782836170005853,117.879580129403,-7.85154422484413,4.84870846075689
357.58316342,520.80436352,0.0620793550135313,-0.00753368748233485,0.106191973154955,"Endothelial",0.0625348124325766,147.566444098468,9.16082967127322,-1.11171947271729
281.514754724,466.307088212,0.0291041703610711,0.0149213491880335,0.128255620101049,"Epithelial",0.0327062592480014,282.149047772986,8.21171395359897,4.21004446489186
289.614735984,514.69648902,-2.65888746138534e-18,1.05347007641358e-17,0.506978748887138,"Fibroblast",1.08650634016648e-17,849331436172388352,-2.25827670619917,8.94745252964981
246.855855792,494.94456256,-0.0162189431027222,-0.014913933073545,0.0767110296720561,"Myeloid",0.0220335996852879,418.816717869377,-6.79276451759227,-6.24620450038566
469.520769872,521.183991412,-0.0967455162980653,0.0362386960426345,0.401249378051217,"Fibroblast",0.103309912470439,89.3238575309077,-8.6416827145625,3.23698012241816
110.062019144,181.41326938,-0.0558051209351167,-0.0287450661172197,0.168528640729793,"Myeloid",0.0627733251362896,147.005752570931,-8.20367380037865,-4.22569007726305
255.500847392,160.32700726,0.0625058240848883,-0.0203785737154666,0.210195612755243,"T",0.0657439298430487,140.363375372756,8.77352844901065,-2.86040539198542
214.767902188,542.54839674,-0.0144122337777256,0.0194810685352234,0.114668777204364,"Fibroblast",0.0242327157730595,380.809150301643,-5.48831049884432,7.4185691558665
131.527909156,499.131745448,-0.0462297754326817,-0.00613758112691321,0.12050415257236,"Epithelial",0.0466354161410147,197.876220834752,-9.14777325265832,-1.21448135846029
199.263297688,127.464763104,-0.0375933900815984,-0.071977248999313,0.299928616667706,"Fibroblast",0.0812033703200571,113.641094780529,-4.27215400538432,-8.17957337557267
151.407631144,60.631460652,1.07659873108455e-17,-3.93311790087361e-17,0.501350130888943,"Tumor",4.07780348348781e-17,226299279511800064,2.43633517167752,-8.90061747202662
363.044542896,462.003385872,-0.0190911120110861,0.0885857508004659,0.242988975543528,"Myeloid",0.0906195663347716,101.832752862106,-1.94410049128771,9.02093086836793
449.535804508,542.687468344,0.090132064326483,-0.0104897211833248,0.29796183470846,"Fibroblast",0.0907404169610057,101.697129152554,9.16617218659665,-1.06677452995487
466.137947072,410.058262432,-4.11637996764839e-18,-1.33980750790901e-17,0.506723626970825,"Tumor",1.40161692292506e-17,658385308575030400,-2.71016409521226,-8.82109579525814
331.287354188,298.49652518,-0.0242398203578254,0.00205034069332853,0.134389249325565,"Fibroblast",0.0243263804939898,379.342907397175,-9.19520392932272,0.777782199761986
391.460254416,164.709642132,0.021056238870732,-0.0871193077460139,0.351525464040846,"Myeloid",0.0896277801662297,102.959594513275,2.16794181610524,-8.96976859980685
357.974067388,182.247699004,-0.0386689824834285,-0.0475341220303751,0.161104906877301,"B/Plasma",0.0612762838584577,150.597251040156,-5.82344246252426,-7.15850810838179
81.931968216,502.886678756,0.0844087580703928,0.0681397806428167,0.584523755907601,"Fibroblast",0.108479805240594,85.0668922438918,7.18039072721483,5.79643937746491
139.330953748,299.81206738,-1.33658872122885e-17,3.39425576778453e-18,0.506726173534145,"Epithelial",1.37901382585076e-17,669176750084205952,-8.94414096671126,2.27135704364062
515.865442232,480.161626924,0.0500735387753356,0.00762058331575138,0.114114793679926,"Epithelial",0.0506500994624626,182.191940410285,9.12299519268806,1.38840886135499
254.080061816,135.485811832,-0.0219252528313556,0.00223197835216516,0.0573851954218269,"Epithelial",0.0220385670832612,418.722318387429,-9.18059269677579,0.934579150209148
141.85303608,333.15166542,-1.05970420202627e-17,3.29971319091447e-18,0.506979316669015,"Epithelial",1.10988921393763e-17,831437929764276096,-8.81078267895226,2.7435067042698
378.455180096,123.488066968,-0.0486139056763198,0.103358269656443,0.508276538782727,"T",0.114220154664053,80.7916950400018,-3.92759984210464,8.35048980194564
243.010713876,411.918814972,0.0265266476472379,-0.0859397793327116,0.214054679292757,"Myeloid",0.0899405843162911,102.601511577777,2.7216741456977,-8.81755126419684
287.024997196,280.045106152,0.0324585601139965,-0.0823695076320229,0.421237988161831,"Endothelial",0.0885341398118025,104.231428945445,3.38320210219349,-8.58549148201849
297.459126188,304.916371116,0.051234937423604,0.0487932593932792,0.31918977177773,"Endothelial",0.0707516853157609,130.428552505227,6.68249872585655,6.36403419467747
380.120280652,520.87953736,0.0328627336905984,-0.0378062076538256,0.102686120444653,"Myeloid",0.0500926002797157,184.219622289737,6.05396038789026,-6.96464529419512
273.20052802,146.667920532,-0.0929008212840865,-0.00718796484039075,0.318620489296436,"Tumor",0.0931784816028061,99.0361695565782,-9.20054148863615,-0.711868504699661
453.189253132,240.082692808,-0.039200765578633,0.0285778166867827,0.117419332618998,"T",0.0485117679386589,190.222708739629,-7.45687581303479,5.43614970002439
265.600452796,506.773166284,2.72195843942814e-18,-1.05531976352364e-17,0.50698041267538,"Tumor",1.08985796356375e-17,846719500297545600,2.30473528966328,-8.93559822824859
474.399552088,299.627891472,0.120092644662866,-0.0330316106044078,0.631906260544766,"Myeloid",0.124552521456784,74.0895470850973,8.89760965132329,-2.44729706917187
419.830861632,330.167263972,0.110567041998271,-0.0239052063612479,0.543694231984072,"Fibroblast",0.113121747102055,81.5761791118269,9.01963682191583,-1.95009539583035
369.186245624,87.509867144,2.35030353433137e-17,-4.76950159656102e-17,0.504385720640014,"Epithelial",5.31714887727329e-17,173552407804166464,4.07900837453851,-8.27758486108981
378.55666478,315.647436776,0.0202095817285709,0.043059120858737,0.104142632029169,"Epithelial",0.0475659025224068,194.005357066293,3.92076711941182,8.35370011715992
59.33095322,75.358015908,0.0472743369475149,-0.0505469363618178,0.261924403216495,"Endothelial",0.0692087834699674,133.336253584698,6.30338297928229,-6.73973912466891
75.21142692,267.566248712,0.00557640771121563,0.0349544389721488,0.195910988519497,"Epithelial",0.0353964564161355,260.705190218798,1.45379843309004,9.11280366122542
137.4741599,183.46175652,-0.00462627161940218,-0.0605842964852115,0.160260784057996,"Fibroblast",0.0607606728871932,151.875209153338,-0.702615969796856,-9.20125270009932
358.82353178,152.185680388,-0.00051033119911062,0.0212890752937533,0.0250559962504897,"Myeloid",0.0212951911190269,433.33914457311,-0.221146485271565,9.22538967654758
270.280024336,121.81920772,-0.111339433400017,0.0574364747814943,0.567197259679978,"Tumor",0.125281355616716,73.6585253058095,-8.20109847262965,4.23068603116919
275.519640984,350.599513684,0.0392074040846402,-0.0551058678879497,0.146607605002566,"Endothelial",0.0676304458860093,136.448012165908,5.34977234953468,-7.5190861319879
235.2001519,277.256156688,0.00319202252608539,0.0114423045905422,0.0617673890638744,"Myeloid",0.0118791978748474,776.823485917272,2.47963806584011,8.88865093895217
361.428305336,272.452548312,0.00143312253484323,0.032066794446294,0.0388032381433383,"T",0.0320988028789354,287.488600052927,0.412006391246383,9.21883784355006
319.368541856,380.15410888,0.037822679887546,0.00389138386521498,0.0742968139166997,"B/Plasma",0.0380223353078455,242.700502962949,9.17958343211404,0.944440821309582
105.690660348,140.872017468,-0.07240140287225,-0.0334969051883021,0.237404027682837,"Endothelial",0.0797747190221561,115.676244506447,-8.37512238126013,-3.8747961947713
156.320241588,163.91655812,0.0603994348394319,0.0206946556843596,0.146953919525209,"Endothelial",0.0638463820652116,144.53504810366,8.72983521995115,2.99110305482759
239.93610382,543.285100372,1.03772963237777e-17,3.93603855450507e-17,0.50134541393481,"Fibroblast",4.07053832956592e-17,226703181640942368,2.35256609343126,8.92312463367716
173.948507068,60.710393184,0.00812000296574365,-0.125279765039026,0.619288271189814,"Endothelial",0.12554263808124,73.505225348765,0.596862647829627,-9.20871736083394
443.127234648,439.394853492,0.0109875710931175,-0.0366752826980624,0.0707367134051229,"Tumor",0.0382858078079738,241.030304214139,2.64833760314859,-8.83985454585356
406.63409402,233.388462356,-0.00494012180859509,-0.10324827637187,0.435853453409999,"Epithelial",0.103366393848513,89.2750492637289,-0.441029617831148,-9.21749495949383
175.30539488,326.074048384,-0.0258729300012789,0.107607877447594,0.415231327882963,"Tumor",0.110674585138719,83.3799366988694,-2.15728326572091,8.97233800988009
315.925579984,174.260478504,0.0183423859566925,-0.0439881544859163,0.117006123205055,"Myeloid",0.0476592158733346,193.625508392032,3.55155380598746,-8.51722877556277
255.331706252,323.07837086,0.00699131134100563,0.0660443970358943,0.192175402068194,"Tumor",0.0664134083909396,138.948446204109,0.9714318477619,9.17676634862479
394.143960504,484.980270068,0.0878499225809683,-0.0121925690640359,0.219411944145983,"Fibroblast",0.088691981812695,104.045931936985,9.14042706552886,-1.26858721097367
56.816388272,376.00075422,-0.0759788776090672,0.00329443065936059,0.208176272684544,"Fibroblast",0.0760502670350535,121.34132150761,-9.21937741574915,0.399750569822
441.563618776,457.688407456,-0.0258869793354316,-0.116653995985236,0.140152735644732,"Endothelial",0.119491800883728,77.2273899530509,-1.99918384784395,-9.00888363753348
371.915056016,169.87408494,0.000157405624268721,-0.053251579852068,0.169454176271188,"Myeloid",0.0532518124881372,173.290625649516,0.0272769191102793,-9.22799958939002
292.531480976,542.157492772,-1.07626011280092e-17,3.94488124685865e-17,0.501371220015192,"Tumor",4.08906149161679e-17,225676232112403328,-2.42886327029782,8.9026593592194
412.896074892,270.66341092,0.0245969562749362,-0.00391457369751271,0.142505760717492,"Fibroblast",0.0249065080897419,370.507173056535,9.1133487352218,-1.4503776343869
61.131366688,98.240932804,0.0553831230902476,-0.0862970004387126,0.403258806127534,"Epithelial",0.10254005367635,89.994490661832,4.98417595376838,-7.76625460012583
193.302012176,337.898893416,0.00682191828783121,-0.0991732884464293,0.406224544112569,"T",0.099407644124607,92.8302846758213,0.633280616694562,-9.20628459871937
237.891375372,370.073296936,-0.0267676817697774,-0.0663842796922055,0.320466677966787,"Epithelial",0.0715777994742856,128.923213214388,-3.45097554405988,-8.55847464484175
228.186432628,350.434131236,-0.0376646586577021,-0.0814218307166418,0.37015547919997,"Endothelial",0.0897114319864012,102.863589385563,-3.87432198251325,-8.37534176185743
518.128174816,365.788388056,0.0344638822702012,-0.0468626651393845,0.340973995860698,"Myeloid",0.0581710285717931,158.636354377867,5.46722464105273,-7.43412235414271
455.207670736,197.601955824,-1.33588269898402e-17,3.39307869510673e-18,0.506725747633138,"Epithelial",1.37830055349212e-17,669523049937071104,-8.94404258981946,2.27174439662435
370.422855292,501.244130352,-0.035840180883611,0.0375279888383228,0.239882449382353,"T",0.0518928560788403,177.828714785325,-6.37341330420611,6.67355402359696
200.383387904,464.720920188,-0.0228404584218348,-0.0942515474202807,0.399510854291132,"B/Plasma",0.0969795892548375,95.1544543954613,-2.17337135927191,-8.96845457070476
494.181548084,225.186996412,-0.0830670193527684,-0.0118730887599097,0.291749248489267,"Fibroblast",0.0839112623004438,109.973794340014,-9.13519530273933,-1.30572862146305
212.211991628,186.983650924,-0.0951272404718361,0.00569747388158014,0.359795661984762,"T",0.0952977076766163,96.8338077381093,-9.21153291450666,0.551708090441831
449.355387292,150.524338524,-5.13757880715127e-18,5.05991354391272e-18,0.506960869617391,"Epithelial",7.2109251189817e-18,1279730374504727808,-6.57471565092325,6.47532505451297
279.417404588,531.001694916,6.53944811903988e-18,3.97346184017752e-18,0.506984300970116,"Fibroblast",7.65197887457625e-18,1205967770467876096,7.88636366820887,4.79186691643807
60.541252044,161.635032076,-0.0357000898743572,-0.0833249447643394,0.318491900016238,"Epithelial",0.0906506637428397,101.797819475634,-3.63419130429373,-8.4822976849374
111.2572832,271.610601304,6.59196190214036e-18,1.18837795155318e-17,0.506838192752846,"Tumor",1.35896349212568e-17,679049875622897024,4.47627090975929,8.06967900195177
501.262923812,353.313289308,8.9501089947763e-18,6.66623692356122e-18,0.507106083735519,"Tumor",1.11598909376134e-17,826893376882179072,7.40078585015414,5.5122671608202
430.054503872,192.944936436,1.00603152672608e-17,-1.0208918379898e-17,0.506729466419725,"Epithelial",1.43328977448421e-17,643836303538886912,6.47719619410902,-6.57287227284375
351.753432128,133.204285788,0.0136312515802903,-0.0576549856726061,0.246832450108044,"Fibroblast",0.0592444798487892,155.762020809245,2.12323129230524,-8.98045707809321
183.394100064,267.930841836,-0.0800597833203943,-0.00800197730977821,0.420786852234663,"Fibroblast",0.080458688444286,114.692894968453,-9.18228831956311,-0.917769943130338
471.982713132,124.457809504,4.25870491022236e-17,-3.89757148203719e-17,0.501839271462556,"Tumor",5.77300883161819e-17,159848012920038528,6.80745517511855,-6.23019056617454
213.847022648,147.77297598,0.0565125426755148,0.0644950665792359,0.269895582619425,"Endothelial",0.0857512745835999,107.614026122066,6.08154224370724,6.9405737796023
447.419660912,391.697052012,-0.0476578386076495,-0.0982523495355371,0.513665213029774,"B/Plasma",0.10920070407285,84.5053150654029,-4.02734066687554,-8.30284575341666
126.513814028,538.981398032,-0.0920748104208099,0.080899827449856,0.567325164590236,"Fibroblast",0.122566523959214,75.2900515161121,-6.93231721991903,6.09095217634424
240.0864515,53.087765808,-0.0892094122444689,-0.0528683907105093,0.395904548236184,"Endothelial",0.10369853407509,88.989106599692,-7.93866589591891,-4.70471085669168
487.378315564,460.45856346,-0.0377460298259614,0.0523003792398125,0.128892224092016,"Fibroblast",0.0644987785640207,143.073095467697,-5.40044132881632,7.48277715197447
83.80003814,59.097914316,0.0608530703533574,-0.0631569192447318,0.260601363658243,"Endothelial",0.0877034356220794,105.218682000148,6.40287985824253,-6.64528780212044
56.970494644,331.557980012,0.00566612765451713,-0.0998830259904292,0.35443903327113,"Myeloid",0.100043609908889,92.240173174919,0.522644596083858,-9.21322761459212
125.46513896,514.797973704,-0.106077156335826,0.0764942610018829,0.574414125808184,"Fibroblast",0.130781248894937,70.5608791857716,-7.48489741258246,5.39750230895874
228.35933246,522.98440488,-1.33065238889004e-17,3.36415272166184e-18,0.506722184543918,"Tumor",1.37251995082236e-17,672342860845916416,-8.94654633937779,2.2618640652047
478.071794172,212.708138972,-0.132861354695709,-0.00324842367741187,0.624730484300005,"Fibroblast",0.132901060296624,69.4354121964397,-9.22528292827394,-0.225555637029767
154.40706736,509.013346716,0.067097530708156,-0.0509552617304185,0.143750311237588,"Fibroblast",0.0842526992157959,109.528121816065,7.34906651696009,-5.58103411397876
59.345987988,181.890623264,-0.038593951440791,-0.0722080283822246,0.251157536148804,"Epithelial",0.0818748584772047,112.70907913214,-4.34988872696207,-8.13850038490795
137.113325468,402.416841596,0.00423579541459811,0.0229337367558454,0.126697486851825,"T",0.0233216261092734,395.685955164621,1.67604475450718,9.07455753373064
344.566813024,258.67318344,-0.00640441687723328,-0.00313768830770324,0.0110669459790687,"Myeloid",0.00713173495397074,1293.94038934412,-8.28693366764931,-4.05998163051003
219.323436892,419.034018928,0.140742989993895,0.00433500008846925,0.393298921648348,"Fibroblast",0.140809734955324,65.5355249831829,9.22366573695276,0.284096506599977
300.28190388,246.754371108,2.60964505203105e-18,1.0609944010517e-17,0.506981845842273,"Epithelial",1.09261685509558e-17,844581507232264064,2.2040579513856,8.96096250405236
183.664725888,186.885924932,0.106703110657343,0.0277105671335885,0.437293844462766,"T",0.110242593197086,83.7066657761085,8.93176162106532,2.31955918151771
199.04153486,82.364217796,0.00444154518789636,-0.124766050486863,0.586269624873894,"Endothelial",0.124845082713523,73.9159260618634,0.328300925708973,-9.22219816281765
428.3969207,126.923511456,-1.33229713214734e-17,-3.44727521832017e-18,0.506724193745991,"Tumor",1.3761732131663e-17,670558023855740928,-8.93382532121389,-2.31159805808364
258.207105632,359.68803094,0.0433769968861272,-0.0605457718035674,0.346572720175228,"Endothelial",0.0744805635192749,123.898631629605,5.37435055839277,-7.5015382774203
344.87878446,501.157680436,0.0137940207340222,0.0566003347467643,0.249511674671615,"T",0.0582569558203688,158.402370551149,2.18500558370082,8.96562719787605
